PUBCHEM_SUBSTANCE_ID,smiles,max_dice_sim
377715594,O=C(CCc1ccccc1)c1ccccc1OCC(O)CN1CCCCC1,1.0
375568852,OC(CNCc1ccccc1)Cn1c2ccccc2c2ccccc21,1.0
126496351,CC(C)c1ccc(CNCC(O)c2ccccc2)cc1,1.0
26512956,CCc1ccc(CNCC(O)c2ccccc2)cc1,1.0
24380022,CCC(c1ccccc1)c1nn2c(-c3cccs3)nnc2s1,1.0
22396437,Clc1ccc2c(N3CCCC3)ccnc2c1,1.0
17056978,CC(Oc1ccc(NC(=O)c2cccs2)cc1)C(=O)c1ccc(Cl)cc1,1.0
17049330,FC(F)(F)c1cccc(Nc2nc(-c3ccccc3)nc3ncccc23)c1,1.0
17009985,O=C1c2ccccc2C2=Nc3ccccc3SC(c3cccc(F)c3)C12,1.0
16996292,FC(F)(F)c1cccc(Nc2nc3ccccc3nc2Nc2cccc(C(F)(F)F)c2)c1,1.0
16993499,CCOC(=O)c1cn(CC)c2cc(N(C)CCc3ccc(OC)c(OC)c3)c(F)cc2c1=O,1.0
16992012,COc1cc2cc(C(=O)Nc3ccccc3)c(N)nc2cc1OC,1.0
16988577,CCN(CC)S(=O)(=O)c1ccc(-c2csc(Nc3ccc(C)c(C)c3)n2)cc1,1.0
439941951,O=C(CCc1ccccc1)c1ccccc1OCC(O)CN1CCCC1,0.9887640449438202
16977424,c1ccc(-c2nc3ccccc3[nH]2)cc1,0.9583333333333334
16982921,CCOC(=O)C1=C(C)N=c2s/c(=C/c3cc(Cl)ccc3O)c(=O)n2C1c1ccc(Cl)cc1,0.9421487603305785
17093425,CCOC(=O)C1=C(C)N=c2s/c(=C\c3cc(Cl)ccc3O)c(=O)n2C1c1ccc(OCC)cc1,0.9365079365079365
17121257,Clc1ccc2c(N3CCN(c4ccnc5cc(Cl)ccc45)CC3)ccnc2c1,0.9333333333333333
17416872,COc1ccc2c(c1OC)C(=O)N1c3ccccc3N=C(c3ccc(-c4ccccc4)cc3)CC21,0.9320388349514563
17109077,CCOc1cc(CNCC(O)c2ccccc2)cc(Cl)c1OCC,0.9318181818181818
17110416,CCOC(=O)C1=C(C)N=c2s/c(=C\c3cc(Cl)ccc3O)c(=O)n2C1c1ccc(OC(C)C)cc1,0.9147286821705426
17076253,COc1ccc2c(c1OC)C(=O)N1c3ccccc3N=C(c3ccc(F)cc3)CC21,0.9142857142857143
17109942,CCOC(=O)C1=C(C)N=c2s/c(=C\c3cc(Cl)ccc3O)c(=O)n2C1c1ccc(Br)cc1,0.912
17036039,CCOC(=O)C1=C(C)N=c2s/c(=C\c3ccc(Cl)cc3Cl)c(=O)n2C1c1ccc(OC)cc1,0.912
16982937,CCOC(=O)C1=C(C)N=c2s/c(=C/c3cc(Cl)ccc3O)c(=O)n2C1c1ccccc1,0.9105691056910569
164168698,COc1cc(CNCC(O)c2ccccc2)cc(Cl)c1OC,0.9069767441860465
16969249,N#Cc1c2c(c(N3CCCC3)n3c1nc1ccccc13)CCC2,0.9069767441860465
103023776,Cc1cc(C)cc(C(=O)NC2CCN(Cc3ccccc3)CC2)c1,0.9066666666666666
16982892,CCOC(=O)C1=C(C)N=c2s/c(=C/c3cc(Cl)ccc3O)c(=O)n2C1c1ccc(OC)c(OC)c1,0.90625
17056958,Cc1ccc(C(=O)C(C)Oc2ccc(NC(=O)c3cccs3)cc2)cc1,0.898876404494382
17109995,COc1ccc(C2C(C(=O)OC(C)C)=C(C)N=c3s/c(=C\c4cc(Cl)ccc4O)c(=O)n32)cc1,0.8976377952755905
16954518,Cc1ccc(CN2COc3ccc(C(C)(C)C)cc3C2)cc1,0.8974358974358975
163627308,N#Cc1c2c(c(N3CCCCC3)n3c1nc1ccccc13)CCC2,0.896551724137931
17052365,COc1cc(C(=O)Nc2cccc(-c3nc4ccccc4[nH]3)c2)cc(OC)c1OC,0.8958333333333334
17059755,CCOc1ccc(C(=O)Nc2cc(C)on2)cc1,0.8947368421052632
439941939,O=C(CCc1ccccc1)c1ccccc1OCC(O)CN1CCOCC1,0.8913043478260869
17130274,CCOC(=O)C1=C(C)N=c2s/c(=C/c3ccccc3O)c(=O)n2C1c1cccc(OC)c1OCC,0.890625
16983287,CCOC(=O)C1=C(C)N=c2s/c(=C/c3cc(OC)ccc3OC)c(=O)n2C1c1ccc(OC)c2ccccc12,0.890625
252147136,OC(CNCc1ccccc1)c1ccccc1,0.8888888888888888
17053586,CCN(CC)S(=O)(=O)c1ccc(NC(=O)c2ccco2)cc1,0.8888888888888888
17126291,CCOC(=O)C1=C(C)N=c2s/c(=C\c3cc(Cl)ccc3O)c(=O)n2C1c1ccc(OC)c(OCC)c1,0.8854961832061069
24379804,Clc1ccc(-c2ccc(CNCC3CCNCC3)o2)c(Cl)c1,0.8837209302325582
16983289,CCOC(=O)C1=C(C)N=c2s/c(=C/c3ccc(O)c(OC)c3)c(=O)n2C1c1ccc(OC)c2ccccc12,0.8837209302325582
17056954,CC(Oc1ccc(NC(=O)c2cccs2)cc1)C(=O)c1cccc(Cl)c1,0.8817204301075269
124750405,Cc1ccc(-c2cc(C(=O)Nc3ccc(S(=O)(=O)N4CCCC(C)C4)cc3)[nH]n2)c(O)c1,0.8807339449541285
16988813,Cc1ccc(C)c(-c2csc(Nc3ccc(C)c(Cl)c3)n2)c1,0.88
17064129,CC1CC(C)CN(C(=O)c2cc(Cl)ccc2Cl)C1,0.8787878787878788
17129517,CCOC(=O)C1=C(C)N=c2s/c(=C\c3cc(C)[nH]c3C)c(=O)n2C1c1ccc(OC)c2ccccc12,0.8769230769230769
250162143,O=C(NC1CCN(Cc2ccccc2)CC1)c1ccc(Cl)cc1,0.8767123287671232
17002997,CCOC(=O)C1=C(C)N=c2s/c(=C/c3ccc(Cl)cc3)c(=O)n2C1c1ccc(OC)cc1,0.8760330578512396
16989763,CCOC(=O)C1=C(C)N=c2s/c(=C/c3ccc(OC)cc3)c(=O)n2C1c1ccc(Cl)cc1,0.8760330578512396
17034659,CCOC(=O)C1=C(C)N=c2s/c(=C\Cc3cc(Cl)ccc3O)c(=O)n2C1c1ccc(OC)cc1,0.875
16982596,CCOC(=O)C1=C(C)N=c2s/c(=C/c3ccccc3O)c(=O)n2C1c1c(OC)ccc2ccccc12,0.875
16977726,O=C1CC(O)(C(F)(F)F)Oc2ccccc21,0.875
17096495,CCOc1cc(Cl)c(C(C)NC(=O)c2ccc(OC)cc2)cc1OCC,0.8735632183908046
16984030,CCOc1ccc(C2Sc3ccccc3N=C3C2=C(O)c2ccccc23)cc1,0.8735632183908046
162163874,OCCNc1c2c(nc3ccccc13)CCCC2,0.8732394366197183
17024644,CCOC(=O)C1=C(C)N=c2s/c(=C\c3cc(OC)ccc3OC)c(=O)n2C1c1ccc(Cl)cc1,0.873015873015873
17006258,CCOC(=O)C1=C(C)N=c2s/c(=C\c3ccc(OC)cc3OC)c(=O)n2C1c1ccc(Cl)cc1,0.873015873015873
16983292,CCOC(=O)C1=C(C)N=c2s/c(=C/c3cccs3)c(=O)n2C1c1ccc(OC)c2ccccc12,0.873015873015873
439941952,CC1CCN(CC(O)COc2ccccc2C(=O)CCc2ccccc2)CC1,0.8723404255319149
17096492,CCOc1cc(Cl)c(C(C)NC(=O)c2ccccc2Cl)cc1OCC,0.8717948717948718
17028452,CC(C)c1ccc(C2Sc3ccccc3NC3=C2C(=O)c2ccccc23)cc1,0.8717948717948718
195198869,Cc1ccccc1NC(=O)c1ccc(-c2ccc(Cl)cc2Cl)o1,0.8674698795180723
17136437,N#Cc1c2c(c(N3CCN(c4ccccc4)CC3)n3c1nc1ccccc13)CCCC2,0.8666666666666667
16972784,N#Cc1c2c(c(N3CCOCC3)n3c1nc1ccccc13)CCC2,0.8666666666666667
17126036,CCOC(=O)C1=C(C)N=c2s/c(=C/c3ccc(OC)c4ccccc34)c(=O)n2C1c1ccccc1Cl,0.8661417322834646
16983290,CCOC(=O)C1=C(C)N=c2s/c(=C/c3ccc(Cl)cc3)c(=O)n2C1c1ccc(OC)c2ccccc12,0.8661417322834646
16982576,CCOC(=O)C1=C(C)N=c2s/c(=C/c3ccccc3O)c(=O)n2C1c1cc(OC)c(OC)cc1Br,0.8661417322834646
144088529,O=C(Nc1nc2ccccc2s1)c1ccc(C(F)(F)F)cc1,0.8648648648648649
134419822,Cc1ccc(C(=O)NC2CCN(Cc3ccccc3)CC2)cc1,0.8648648648648649
22396515,CN(C)CCNc1ccnc2cc(Cl)ccc12,0.8648648648648649
17006616,O=C(NC1CCN(Cc2ccccc2)CC1)c1ccc(F)cc1,0.8648648648648649
26700105,COc1ccc(C(=O)Nc2ccc(Cl)cc2C(=O)Nc2ccc(F)cc2)cc1,0.8636363636363636
16983291,CCOC(=O)C1=C(C)N=c2s/c(=C/c3ccc(O)c(OCC)c3)c(=O)n2C1c1ccc(OC)c2ccccc12,0.8636363636363636
24379308,COc1cc(CNCC(O)c2ccccc2)cc(Cl)c1OCC(N)=O,0.8631578947368421
16961864,CCOC(=O)c1cnc2ccc(OC)cc2c1Nc1ccc(OC)cc1,0.8627450980392157
24711794,OC(CNCc1ccc(-c2ccccc2)cc1)c1ccccc1,0.8620689655172413
24711588,Clc1ccc(N2CCN(c3ccnc4cc(Cl)ccc34)CC2)cc1,0.8615384615384616
22396439,CN1CCN(c2ccnc3cc(Cl)ccc23)CC1,0.8615384615384616
17099424,Cc1ccc(NC(=O)Nc2ccc(Cl)cc2)cc1F,0.8615384615384616
24844287,Cc1ccc(C(=O)Nc2nc3ccccc3s2)cc1,0.8611111111111112
164336103,COC(=O)c1cccc(C(=O)NC2CCN(Cc3ccccc3)CC2)c1,0.8607594936708861
17047102,CC(C)(C)c1ccc(C2Sc3ccccc3NC3=C2C(=O)c2ccccc23)cc1,0.8607594936708861
17046266,O=C1C2=C(Nc3ccccc3SC2c2cccc(O)c2)c2ccccc21,0.8607594936708861
17001744,COc1ccc(-c2cc3nc4c(c(O)n3n2)CCCC4)cc1,0.8607594936708861
17124338,Cc1ccc2[nH]c(-c3ccc(NC(=O)c4cccc(Br)c4)cc3)nc2c1,0.8602150537634409
17096054,CCOC(=O)C1=C(C)N=c2s/c(=C\c3cccn3C)c(=O)n2C1c1ccc(OC)c2ccccc12,0.859375
164168349,COc1cc(C(=O)Nc2cc(-c3nc4ccccc4[nH]3)ccc2C)cc(OC)c1OC,0.8571428571428571
49699673,Cc1cccc(C(=O)NC2CCN(Cc3ccccc3)CC2)c1,0.8571428571428571
17086799,O=C(NC1CCCCC1)c1cc2nc(-c3ccc(Cl)s3)cc(C(F)(F)F)n2n1,0.8547008547008547
17148630,O=C(Nc1ccc(CN2CCOCC2)cc1)c1cc(Cl)ccc1Cl,0.8539325842696629
17024763,CCCCn1c(=N)n(CC(O)COc2ccccc2)c2ccccc21,0.8539325842696629
363681570,OC(Cn1nnc2ccccc21)Cn1c2ccccc2c2ccccc21,0.8533333333333334
96022885,O=C(Nc1cccc(C(F)(F)F)c1)c1ccc(Cl)cc1Cl,0.8533333333333334
16996967,CCOC(=O)c1cnc2c(Br)cccc2c1O,0.8533333333333334
17129493,CCOC(=O)C1=C(C)N=c2s/c(=C/c3cc(OC)c(OC)cc3OC)c(=O)n2C1c1ccc(OC)cc1,0.8524590163934426
17034584,CCOC(=O)C1=C(C)N=c2s/c(=C\c3cc(OC)ccc3OC)c(=O)n2C1c1ccc(OC)cc1,0.8524590163934426
16973042,N#Cc1c2c(c(N3CCN(c4ccc(Cl)cc4)CC3)n3c1nc1ccccc13)CCC2,0.851063829787234
17110004,CCOC(=O)C1=C(C)N=c2s/c(=C\c3cc(Cl)ccc3OC)c(=O)n2C1c1ccc(F)cc1,0.8503937007874016
56364655,Cc1cccc(-c2cc3nc4c(c(O)n3n2)CCC4)c1,0.85
17135204,c1ccc(C(c2ccccc2)c2nn3c(-c4cccs4)nnc3s2)cc1,0.85
17023921,CCOC(=O)C1=C(C)N=c2s/c(=C/c3ccc(Cl)cc3Cl)c(=O)n2C1c1ccc(Cl)cc1,0.85
17023570,CCOC(=O)C1=C(C)N=c2s/c(=C/c3ccc(O)c(OC)c3)c(=O)n2C1c1ccc(OC)cc1,0.848
17133533,Cn1c(=O)c2c(nc(Oc3ccccc3)n2Cc2ccc(Cl)cc2)n(C)c1=O,0.8478260869565217
16988576,CCN(CC)S(=O)(=O)c1ccc(-c2csc(Nc3ccc(Br)cc3)n2)cc1,0.8478260869565217
26513030,OC(CNCc1ccc(Br)cc1)c1ccccc1,0.847457627118644
26512920,OC(CNCc1ccc(F)cc1)c1ccccc1,0.847457627118644
175614294,COc1cc(SC)ccc1C(=O)N1CCCC1,0.8461538461538461
144202769,Oc1c2c(nc3cc(-c4cccc(F)c4)nn13)CCC2,0.8461538461538461
17034472,Brc1ccc(-c2nc3ccccc3[nH]2)cc1,0.8461538461538461
16982911,CCOC(=O)C1=C(C)N=c2s/c(=C/c3cc(Cl)ccc3O)c(=O)n2C1c1cc(OC)c(OC)cc1Br,0.8461538461538461
17146918,CCOC(=O)c1cnc2c(C)cc(Cl)cc2c1Nc1ccc(C(C)=O)cc1,0.845360824742268
17068798,COc1ccc(CN2CCN(Cc3ccccc3)CC2)c(OC)c1,0.8450704225352113
26512935,CCOc1ccc(CNCC(O)c2ccccc2)cc1,0.84375
17100047,Cc1ccc(NC(=O)Nc2ccccc2)cc1F,0.84375
16982930,CCOC(=O)C1=C(C)N=c2s/c(=C/c3cc(OC)c(O)cc3Br)c(=O)n2C1c1ccc(OC)cc1,0.84375
251913704,O=C(Nc1ccc(CN2CCOCC2)cc1)c1ccc(-c2cccc(Cl)c2)o1,0.8421052631578947
92090607,CCOC(=O)c1cnc2ccc(OC)cc2c1O,0.8421052631578947
17146823,CCOC(=O)c1cnc2ccc(OC)cc2c1NCCO,0.8421052631578947
17023059,Oc1c2c(nc3cc(-c4ccc(Cl)cc4)nn13)CCC2,0.8421052631578947
16972785,N#Cc1c2c(c(N3CCN(C(c4ccccc4)c4ccccc4)CC3)n3c1nc1ccccc13)CCC2,0.8421052631578947
16968944,CCOC(=O)c1c(C)n(-c2ccccc2)c2ccc(OC)cc12,0.8421052631578947
17036073,CCOC(=O)C1=C(C)N=c2s/c(=C\c3ccc(O)c(Br)c3)c(=O)n2C1c1ccc(OC)cc1,0.8412698412698413
16982933,CCOC(=O)C1=C(C)N=c2s/c(=C/c3cc(Cl)ccc3O)c(=O)n2C1c1cccs1,0.8412698412698413
17042379,Clc1ccc(Nc2ccnc3cc(Cl)ccc23)cc1,0.8405797101449275
16978173,CCCn1c2c(c(=N)c3c1CCC3)CCCC2,0.84
17096493,CCOc1cc(Cl)c(C(C)NC(=O)c2ccccc2OC)cc1OCC,0.8395061728395061
17136155,Cc1cc(N2CCN(c3ccccc3)CC2)n2c(nc3ccccc32)c1C#N,0.8387096774193549
17109090,CSc1ccc(CNCC(O)c2ccccc2)cc1,0.8387096774193549
17007041,CCOC(=O)C1=C(C)N=c2s/c(=C/c3ccc(Cl)c(Cl)c3)c(=O)n2C1c1ccc(OC)cc1,0.8387096774193549
17023106,COC(=O)c1ccc(C(=O)Nc2nc3ccccc3s2)cc1,0.8378378378378378
24844332,OC(CNCC1CCCO1)Cn1c2ccccc2c2ccccc21,0.8372093023255814
16982910,CCOC(=O)C1=C(C)N=c2s/c(=C/c3cc(OC)c(O)cc3Br)c(=O)n2C1c1ccc(Cl)cc1,0.8372093023255814
17007401,CCOC(=O)C1=C(C)N=c2s/c(=C/c3ccc(Cl)cc3Cl)c(=O)n2C1c1ccc(C)cc1,0.8360655737704918
16990392,CCOC(=O)C1=C(C)N=c2s/c(=C/c3ccccc3OC)c(=O)n2C1c1ccc(OC)cc1,0.8360655737704918
17048894,COc1ccc(Cc2nnc(NC(=O)CC(c3ccccc3)c3ccccc3)s2)cc1OC,0.8351648351648352
17093430,CCOC(=O)C1=C(C)N=c2s/c(=C\c3cc(Cl)cc(Cl)c3O)c(=O)n2C1c1ccc(OCC)cc1,0.8346456692913385
124352345,O=C(O)c1ccccc1C(=O)NC1CCN(Cc2ccccc2)CC1,0.8333333333333334
103023419,CCc1nnc(NC(=O)Cc2ccc(OC)c(OC)c2)s1,0.8333333333333334
17148628,O=C(Nc1ccc(CN2CCOCC2)cc1)c1ccc(Br)cc1,0.8333333333333334
17129070,CCOC(=O)C1=C(c2ccccc2)N=c2s/c(=C\c3cccc(OC)c3OC)c(=O)n2C1c1ccc(F)cc1,0.8333333333333334
17113525,O=C(Nc1nc2ccccc2s1)c1ccc(Cl)cc1,0.8333333333333334
17104239,O=C(Nc1ccc(Nc2ccccc2)cc1)Nc1cccc(Cl)c1,0.8333333333333334
17099048,O=C(Nc1nc2ccccc2s1)c1ccc(Br)cc1,0.8333333333333334
17023571,CCOC(=O)C1=C(C)N=c2s/c(=C/c3ccc(O)cc3)c(=O)n2C1c1ccc(OC)cc1,0.8333333333333334
16969822,Cc1ccc2nc(C)cc(Nc3ccc(Cl)cc3)c2c1,0.8333333333333334
17110222,CCOC(=O)C1=C(C)N=c2s/c(=C/c3ccc(OC)c4ccccc34)c(=O)n2C1c1ccc(C)cc1,0.832
16981846,CCOC(=O)C1=C(C)N=c2s/c(=C/c3cc(OC)c(OC)cc3Br)c(=O)n2C1c1ccc(OC)cc1,0.832
24712190,CCOC(=O)c1cnc2ccc(OCC)cc2c1NCc1cccnc1,0.8316831683168316
26700118,COc1ccc(C(=O)Nc2c(Cl)cc(Cl)cc2C(=O)Nc2ccncc2)cc1,0.8314606741573034
250162142,COc1ccc(C(=O)NC2CCN(Cc3ccccc3)CC2)cc1,0.8311688311688312
17114043,Cc1ccc2nc(NC(=O)c3ccc(C(C)(C)C)cc3)sc2c1,0.8311688311688312
17109912,CCOC(=O)C1=C(C)N=c2s/c(=C\c3cc4c(cc3Cl)OCO4)c(=O)n2C1c1ccc(OC)cc1,0.8307692307692308
16954033,Cc1cc(NC(=O)c2ccc(Cl)cc2)no1,0.8307692307692308
17042723,O=C(Nc1ccc(Cl)c(Cl)c1)Nc1ccc(Cl)c(C(F)(F)F)c1,0.8301886792452831
17108832,CCOc1c(Cl)cc(CNCc2ccccc2)cc1OC,0.8292682926829268
17093107,CCOC(=O)C1=C(C)N=c2s/c(=C\c3ccccc3OC)c(=O)n2C1c1ccccc1Cl,0.8292682926829268
17046009,COc1cccc(C2Sc3ccccc3NC3=C2C(=O)c2ccccc23)c1,0.8292682926829268
17006349,CCOC(=O)C1=C(C)N=c2s/c(=C\c3ccccc3OC)c(=O)n2C1c1ccc(Cl)cc1,0.8292682926829268
17002952,CCOC(=O)C1=C(C)N=c2s/c(=C/c3cccc(O)c3)c(=O)n2C1c1ccc(OC)cc1,0.8292682926829268
170364479,Cc1ccc(NC(=O)c2cccc(Cl)c2)cc1F,0.8285714285714286
24711963,COc1cc(CNCC(O)c2ccccc2)cc(Cl)c1OCc1cccnc1,0.8282828282828283
17005992,CCOC(=O)c1c(NC(=O)c2ccccc2)sc2c(O)c(Br)ccc12,0.8282828282828283
164168286,O=C(Nc1ccc(NC(=O)c2cccs2)cc1)c1cccs1,0.8275862068965517
17095813,CCOC(=O)C1=C(c2ccccc2)N=c2s/c(=C\c3ccc(OC)c(OC)c3)c(=O)n2C1c1cccc(OC)c1OC,0.8275862068965517
17093758,COc1ccc(Cc2nnc(NC(=O)c3ccccc3)s2)cc1OC,0.8275862068965517
17138646,CCc1ccc(C(=O)Nc2nc3ccccc3s2)cc1,0.8266666666666667
26700107,CCOC(=O)c1ccc(NC(=O)c2cc(Cl)ccc2NC(=O)c2ccc(OC)cc2)cc1,0.8260869565217391
17048905,COc1ccc(Cc2nnc(NC(=O)CSc3ccccc3)s2)cc1OC,0.8260869565217391
17048904,COc1ccc(Cc2nnc(NC(=O)CCCc3ccccc3)s2)cc1OC,0.8260869565217391
17129986,CCOC(=O)C1=C(C)N=c2s/c(=C\c3ccc(O)cc3O)c(=O)n2C1c1cccc2ccccc12,0.8253968253968254
16990375,CCOC(=O)C1=C(C)N=c2s/c(=C/c3cc(Br)c(OC)cc3OC)c(=O)n2C1c1ccc(OC)cc1,0.8253968253968254
16981834,CCOC(=O)C1=C(C)N=c2s/c(=C/c3cc(Br)ccc3OC)c(=O)n2C1c1ccc(OC)cc1,0.8253968253968254
125165098,O=C(NC1CCN(Cc2ccccc2)CC1)c1cccc(C(F)(F)F)c1,0.825
175616667,CC(C)c1ccc(Cn2c(CCO)nc3ccccc32)cc1,0.8235294117647058
17096472,COc1cc(Br)c(C(C)NC(=O)c2cccc(Br)c2)cc1OC,0.8235294117647058
17034589,CCOC(=O)C1=C(C)N=c2s/c(=C\c3ccc(C)cc3)c(=O)n2C1c1ccc(OC)cc1,0.8235294117647058
16989791,CCOC(=O)C1=C(C)N=c2s/c(=C/c3ccccc3)c(=O)n2C1c1ccc(OC)cc1,0.8235294117647058
16964853,c1ccc2[nH]c(-c3ccncc3)nc2c1,0.8235294117647058
17093133,CCOC(=O)C1=C(C)N=c2s/c(=C\c3cc(OC)ccc3OC)c(=O)n2C1c1ccc(C)cc1,0.8225806451612904
17082384,CCOC(=O)C1=C(C)N=c2s/c(=C\c3cn(C)nc3C)c(=O)n2C1c1ccc(OC)cc1,0.8225806451612904
16984312,CCOC(=O)C1=C(C)N=c2s/c(=C/c3cnn(C)c3C)c(=O)n2C1c1ccc(OC)cc1,0.8225806451612904
92729579,CCOc1c(CNCC(O)c2ccccc2)cc(Cl)cc1OC,0.8222222222222222
16954210,COc1ccc(C(=O)Nc2cc(C)on2)cc1,0.821917808219178
17126046,CCOC(=O)C1=C(C)N=c2s/c(=C/c3cc(Cl)cc(Br)c3O)c(=O)n2C1c1ccc(OCC)cc1,0.8217054263565892
16982976,CCOC(=O)C1=C(C)N=c2s/c(=C/c3ccc(O)c(OC)c3)c(=O)n2C1c1cccc2ccccc12,0.8217054263565892
17146973,CCOC(=O)c1cnc2c(CC)cccc2c1Nc1ccc(C(=O)OC)cc1,0.8210526315789474
22396602,CN(C)S(=O)(=O)c1ccc(NC(=O)c2ccco2)cc1,0.8205128205128205
74373031,O=C(O)c1ccc(CNCC(O)c2ccccc2)cc1,0.819672131147541
17137862,O=C(Nc1cccc(Cl)c1)c1ccc(Br)cc1,0.819672131147541
17008917,CCOC(=O)C1=C(C)N=c2s/c(=C/c3sccc3C)c(=O)n2C1c1ccc(OC)cc1,0.819672131147541
17002951,CCOC(=O)C1=C(C)N=c2s/c(=C\c3cccc(OC)c3)c(=O)n2C1c1ccc(OC)cc1,0.819672131147541
17095814,CCOC(=O)C1=C(c2ccccc2)N=c2s/c(=C\c3ccc(O)cc3)c(=O)n2C1c1cccc(OC)c1OC,0.8194444444444444
17095812,CCOC(=O)C1=C(c2ccccc2)N=c2s/c(=C\c3ccc(OC)cc3)c(=O)n2C1c1cccc(OC)c1OC,0.8194444444444444
195199532,O=C(Nc1ccc(CN2CCCCC2)cc1)c1cccs1,0.8192771084337349
126920976,CC1CCN(C(=O)c2ccc(Cl)cc2Cl)CC1,0.8181818181818182
24844311,Cc1cc(NC(=O)c2ccc(F)cc2)no1,0.8181818181818182
24380028,CCC(Oc1ccccc1)c1nn2c(-c3cccs3)nnc2s1,0.8181818181818182
17113616,CCc1ccc(NC(=O)c2cccs2)cc1,0.8181818181818182
17112286,Cc1cc(NC(=O)c2ccc(Br)cc2)no1,0.8181818181818182
195199077,Cc1cc(C)cc(C(=O)Nc2cccc(-c3nc4ccccc4[nH]3)c2)c1,0.8172043010752689
124752658,COc1ccc(-c2nonc2NC(=O)c2ccc(OC(C)C)cc2)cc1OC,0.8172043010752689
124353254,COc1ccc(Cc2nnc(NC(=O)COc3ccc(Cl)cc3)s2)cc1OC,0.8172043010752689
16957028,CCOC(=O)c1cnc2ccccc2c1O,0.8169014084507042
17003662,CCOC(=O)C1=C(C)N=c2s/c(=C/c3ccccc3Cl)c(=O)n2C1c1ccc(Cl)cc1,0.8166666666666667
17033523,CCCn1c2c(c(=N)c3c1CCC3)CCC2,0.8163265306122449
17083423,CCOC(=O)C1=C(C)N=c2s/c(=C/c3cnn(CC)c3C)c(=O)n2C1c1ccc(OC)cc1,0.816
17083407,CCOC(=O)C1=C(C)N=c2s/c(=C/c3cn(CC)nc3C)c(=O)n2C1c1ccc(OC)cc1,0.816
17008916,CCOC(=O)C1=C(C)N=c2s/c(=C/c3cccc4ccccc34)c(=O)n2C1c1ccc(OC)cc1,0.816
16976963,Cc1cc(NC(=O)c2ccc3nc(-c4ccccc4)c(-c4ccccc4)nc3c2)no1,0.8157894736842105
16969821,Cc1ccc2nc(C)cc(Nc3cccc(Cl)c3)c2c1,0.8157894736842105
17121362,CCOC(=O)C1=C(C)N=c2s/c(=C\c3cc(Br)cc(OCC)c3O)c(=O)n2C1c1ccc(OC)cc1,0.8153846153846154
16983901,CCOC(=O)C1=C(C)N=c2s/c(=C\c3cc(Cl)cc(Cl)c3O)c(=O)n2C1c1cccc(OC)c1,0.8153846153846154
16995381,COc1cc(C2Nc3ccc4ccccc4c3C3=C2C(=O)CC(c2ccccc2)C3)ccc1O,0.8141592920353983
74373030,CCOc1ccc(CNCC(O)c2ccccc2)cc1Cl,0.813953488372093
24379801,Clc1ccc(Cl)c(-c2ccc(CNCC3CCNCC3)o2)c1,0.813953488372093
17095817,CCOC(=O)C1=C(c2ccccc2)N=c2s/c(=C\c3ccco3)c(=O)n2C1c1cccc(OC)c1OC,0.8137931034482758
24379192,OC(CNCc1ccncc1)c1ccccc1,0.8135593220338984
17068900,CCOC(=O)C1=C(C)N=c2s/c(=C\c3cccc(OC)c3O)c(=O)n2C1c1ccccc1,0.8130081300813008
17023569,CCOC(=O)C1=C(C)N=c2s/c(=C/c3ccc(OC)c(OC)c3)c(=O)n2C1c1ccc(OC)cc1,0.8130081300813008
16982928,CCOC(=O)C1=C(C)N=c2s/c(=C/c3ccc(OC)cc3C)c(=O)n2C1c1ccccc1,0.8130081300813008
17147242,CCOC(=O)c1ccc(Nc2c(C(=O)OCC)cnc3c(C(F)(F)F)cccc23)cc1,0.8125
17124905,CCOC(=O)C1=C(C)N=c2s/c(=C\c3cc4c(cc3C)OCO4)c(=O)n2C1c1ccc(OC)cc1,0.8125
17008984,CCOC(=O)C1=C(C)N=c2s/c(=C/c3cccc4ccccc34)c(=O)n2C1c1ccc(OC)c(OC)c1,0.8125
16983753,CCOC(=O)C1=C(C)N=c2s/c(=C\c3cc(OC)ccc3OC)c(=O)n2C1c1ccc(C(C)C)cc1,0.8125
17125604,CCCOc1c(OC)cccc1C1C(C(=O)OCC)=C(C)N=c2s/c(=C/c3cccc4ccccc34)c(=O)n21,0.8120300751879699
24711587,OCCNc1ccnc2cc(Cl)ccc12,0.8115942028985508
24430265,Cc1cc(NC(=O)c2ccc3ccccc3c2)no1,0.8115942028985508
17098202,CC(=O)N(C)c1ccc(NC(=O)c2cccs2)cc1,0.8115942028985508
252146857,OC(COc1ccc(-c2ccccc2)cc1)CN1CCN(Cc2ccccc2)CC1,0.8108108108108109
17058599,Cc1ccccc1C(=O)NC1CCN(Cc2ccccc2)CC1,0.8108108108108109
16964220,Cc1ccc(C2CC(C(F)(F)F)n3nc(C(=O)N4CCN(c5ccc(F)cc5)CC4)cc3N2)cc1,0.8103448275862069
277299992,COc1ccc(Br)cc1CN1CCN(Cc2cccc(F)c2)CC1,0.810126582278481
17036042,CCOC(=O)C1=C(C)N=c2s/c(=C\c3cccs3)c(=O)n2C1c1ccc(OC)cc1,0.8099173553719008
17020640,CCOC(=O)C1=C(C)N=c2s/c(=C/c3ccc(Br)cc3)c(=O)n2C1c1ccc(OC)cc1,0.8099173553719008
16991538,CCOC(=O)C1=C(C)N=c2s/c(=C/c3ccccc3O)c(=O)n2C1c1cccs1,0.8099173553719008
16966511,CCOC(=O)C1=C(C)N=c2s/c(=C\c3ccc(F)cc3)c(=O)n2C1c1ccc(OC)cc1,0.8099173553719008
17109946,CCOC(=O)C1=C(C)N=c2s/c(=C\c3cc(Cl)cc(Cl)c3O)c(=O)n2C1c1ccc(Br)cc1,0.8095238095238095
17034646,CCOC(=O)C1=C(C)N=c2s/c(=C\c3ccc(O)c(OCC)c3)c(=O)n2C1c1ccc(Cl)cc1,0.8095238095238095
124750470,COc1ccc(Cc2nnc(NC(=O)c3ccc(Br)cc3)s2)cc1OC,0.8089887640449438
17148629,O=C(Nc1ccc(CN2CCOCC2)cc1)c1ccc(Cl)cc1Cl,0.8089887640449438
17093759,COc1ccc(Cc2nnc(NC(=O)c3ccc(Cl)cc3)s2)cc1OC,0.8089887640449438
17070630,O=C(CCC(=O)Nc1ccc(Cl)c(Cl)c1)Nc1ccc(Cl)c(Cl)c1,0.8085106382978723
17129093,CCOC(=O)C1=C(c2ccccc2)N=c2s/c(=C\c3cccc(OC)c3OCC)c(=O)n2C1c1ccc(F)cc1,0.8082191780821918
164168290,CCCOc1ccc(C(=O)Nc2ccc(-c3nc4ccccc4[nH]3)cc2)cc1,0.8080808080808081
16964120,CCOC(=O)c1c(C)n(-c2ccc(Cl)cc2)c2ccc(OCC)cc12,0.8080808080808081
126496352,CC(O)CNCc1ccc(C(C)C)cc1,0.8070175438596491
17119447,CCOC(=O)C1=C(C)N=c2s/c(=C/c3ccccc3OCC)c(=O)n2C1c1ccccc1OCC,0.8067226890756303
124751140,COc1ccc(CCN2C(=O)c3[nH]nc(-c4ccccc4O)c3C2c2ccccc2F)cc1OC,0.8064516129032258
17067222,CCOC(=O)C1=C(C)N=c2s/c(=C/c3cccc(F)c3)c(=O)n2C1c1ccc(OC)cc1,0.8064516129032258
17034597,CCOC(=O)C1=C(C)N=c2s/c(=C\c3cc(OC)ccc3OC)c(=O)n2C1c1ccc(OC)c(OC)c1,0.8064516129032258
17023914,CCOC(=O)C1=C(C)N=c2s/c(=C\c3ccc(OC)cc3OC)c(=O)n2C1c1ccccc1,0.8064516129032258
17034636,CCOC(=O)C1=C(C)N=c2s/c(=C\c3cc(Cl)cc(Cl)c3O)c(=O)n2C1c1ccc(OC)c(OC)c1,0.8062015503875969
17062646,CCOC(=O)C1=C(C)N=c2s/c(=C/c3ccc(-c4cccc(Cl)c4)o3)c(=O)n2C1c1ccc(OC)cc1,0.8059701492537313
17006040,Cc1ccc(Nc2nc(-c3ccccc3)cs2)cc1,0.8059701492537313
22397757,CCNCc1ccc(-c2ccc(F)c(Cl)c2)o1,0.8051948051948052
22397821,Brc1ccc(-c2ccc(CNCC3CCNCC3)o2)cc1,0.8048780487804879
26700104,COc1ccc(C(=O)Nc2ccc(Cl)cc2C(=O)Nc2ccc(C)cc2C)cc1,0.8045977011494253
17146841,CCOC(=O)c1cnc2c(Cl)cc(Cl)cc2c1Nc1ccc(C(C)=O)cc1,0.8041237113402062
17096070,COC(=O)c1ccc(Oc2nc3c(c(=O)n(C)c(=O)n3C)n2Cc2ccccc2)cc1,0.8041237113402062
17087626,CCOc1ccc(C(=O)Nc2nc(-c3ccccc3)c(C)s2)cc1,0.8041237113402062
17034658,CCOC(=O)C1=C(C)N=c2s/c(=C\c3ccc(C)o3)c(=O)n2C1c1ccc(OC)cc1,0.8032786885245902
17093445,CCOC(=O)C1=C(C)N=c2s/c(=C\c3ccc(O)c(OC)c3)c(=O)n2C1c1ccc(OCC)cc1,0.8031496062992126
17007400,CCOC(=O)C1=C(C)N=c2s/c(=C\c3c(F)cccc3Cl)c(=O)n2C1c1ccc(OC)cc1,0.8031496062992126
17131930,CCOC(=O)C1=C(C)N=c2s/c(=C\c3cc(C)n(CC4CCCO4)c3C)c(=O)n2C1c1ccc(OC)c2ccccc12,0.8028169014084507
439942020,OC(CNCc1ccccc1Cl)Cn1c2ccccc2c2ccccc21,0.8
250162660,CC(C)Oc1ccc(C(=O)NC2CCN(Cc3ccccc3)CC2)cc1,0.8
250162277,CC(=O)Nc1cc(NC(=O)Nc2cccc(Cl)c2)ccc1C,0.8
124750487,COc1ccc(Cc2nnc(NC(=O)c3ccc(C)c(C)c3)s2)cc1OC,0.8
26700093,O=C(Nc1ccc(Cl)cc1C(=O)Nc1ccncc1)c1ccco1,0.8
17129501,CCOC(=O)C1=C(C)N=c2s/c(=C/c3ccccc3O)c(=O)n2C1c1ccc(OC(C)C)cc1,0.8
17115092,O=C(Nc1nc2ccccc2s1)c1ccc(Oc2ccccc2)cc1,0.8
17113500,O=C(Nc1ccc(Cl)c(Cl)c1)c1ccc(Br)o1,0.8
17099185,Cc1cc(NS(=O)(=O)c2ccc(NC(=O)c3ccc(-c4ccccc4)cc3)cc2)no1,0.8
17065965,O=C(c1sc2ccccc2c1Cl)N1CCN(C(=O)c2sc3ccccc3c2Cl)CC1,0.8
17056944,COc1ccc(C(=O)C(C)Oc2ccc(NC(=O)c3ccc(Cl)cc3)cc2)cc1,0.8
17034586,CCOC(=O)C1=C(C)N=c2s/c(=C\c3cc4c(cc3Br)OCO4)c(=O)n2C1c1ccc(OC)cc1,0.8
17012895,O=C(Nc1ccccc1)c1ccc(-c2cc(Cl)ccc2Cl)o1,0.8
16982458,CCOC(=O)C1=C(C)N=c2s/c(=C/c3cc(Br)ccc3O)c(=O)n2C1c1cc(OC)ccc1OC,0.8
16977052,CC(C)(C)c1cc(C(=O)Nc2nc3ccccc3s2)ccn1,0.8
16964118,CCOC(=O)c1c(C)n(-c2ccccc2)c2ccc(OCC)cc12,0.8
16961948,CCCOC(=O)c1ccc(Nc2c(C(=O)OCC)cnc3ccc(OC)cc23)cc1,0.8
16954213,Cc1ccc(C(=O)Nc2nc3ccccc3s2)cc1C,0.8
17110423,CCOC(=O)C1=C(C)N=c2s/c(=C\c3cc(OC)ccc3OC)c(=O)n2C1c1ccc(OC(C)C)cc1,0.796875
17110421,CCOC(=O)C1=C(C)N=c2s/c(=C\c3ccc(OC)cc3OC)c(=O)n2C1c1ccc(OC(C)C)cc1,0.796875
17109899,CCOC(=O)C1=C(C)N=c2s/c(=C\c3cc(OC)ccc3OC)c(=O)n2C1c1ccc(SC)cc1,0.796875
17082398,CCOC(=O)C1=C(C)N=c2s/c(=C/c3c[nH]nc3-c3ccccc3)c(=O)n2C1c1ccc(OC)cc1,0.796875
17036072,CCOC(=O)C1=C(C)N=c2s/c(=C\c3c[nH]c4ccccc34)c(=O)n2C1c1ccc(OC)cc1,0.796875
17036040,CCOC(=O)C1=C(C)N=c2s/c(=C\c3cc(Br)c(O)c(OC)c3)c(=O)n2C1c1ccc(OC)cc1,0.796875
17034651,CCOC(=O)C1=C(C)N=c2s/c(=C\c3ccc(OC)cc3OC)c(=O)n2C1c1ccc(N(C)C)cc1,0.796875
17014828,CCOC(=O)C1=C(C)N=c2s/c(=C\c3cn(C)c4ccccc34)c(=O)n2C1c1ccc(OC)cc1,0.796875
16960854,CCOC(=O)C1=C(C)N=c2s/c(=C\c3cc(OC)ccc3OC)c(=O)n2C1c1ccccc1OCC,0.796875
17109895,CCOC(=O)C1=C(C)N=c2s/c(=C\c3ccccc3O)c(=O)n2C1c1ccc(SC)cc1,0.7967479674796748
17084921,CCOC(=O)C1=C(C)N=c2s/c(=C/c3cn(C)nc3C)c(=O)n2C1c1ccc(Cl)cc1,0.7967479674796748
17068483,CCOC(=O)C1=C(C)N=c2s/c(=C/c3ccc(OC(C)C)cc3)c(=O)n2C1c1ccc(OC)cc1,0.7967479674796748
17068156,CCOC(=O)C1=C(C)N=c2s/c(=C/c3ccoc3)c(=O)n2C1c1ccc(OC)cc1,0.7967479674796748
16990858,CCOC(=O)C1=C(C)N=c2s/c(=C/c3cc(Br)c(O)c(Br)c3)c(=O)n2C1c1ccc(Cl)cc1,0.7967479674796748
16975497,CCOC(=O)C1=C(C)N=c2s/c(=C/c3ccc[nH]3)c(=O)n2C1c1ccc(OC)cc1,0.7967479674796748
17007406,CCOC(=O)C1=C(C)N=c2s/c(=C/c3ccc(Cl)cc3)c(=O)n2C1c1ccc(C)cc1,0.7966101694915254
17004527,CCOC(=O)C1=C(C)N=c2s/c(=C\c3ccccc3Cl)c(=O)n2C1c1ccccc1Cl,0.7966101694915254
17003663,CCOC(=O)C1=C(C)N=c2s/c(=C/c3ccccc3)c(=O)n2C1c1ccc(Cl)cc1,0.7966101694915254
402425512,COc1ccc(-c2nc(N3CCN(CCO)CC3)c3c4c(sc3n2)CCCC4)cc1,0.7964601769911505
17128038,CCn1c(SCC(=O)Nc2ccccc2C)nc2ccccc2c1=O,0.7961165048543689
164168307,COc1ccc(C(=O)Nc2cccc(-c3nc4ccccc4[nH]3)c2)cc1OC,0.7959183673469388
16972739,Cc1cc(N2CCN(C(c3ccccc3)c3ccccc3)CC2)n2c(nc3ccccc32)c1C#N,0.7959183673469388
17056953,CC(Oc1cccc(NC(=O)c2cccs2)c1)C(=O)c1cccc(Cl)c1,0.7956989247311828
16991188,CC1=C(C(=O)OCC2CCCCC2)C(c2ccccc2F)NC(=O)N1,0.7956989247311828
163424816,CC(=O)NCCc1nc2ccccc2n1CCC(C)C,0.7954545454545454
17049133,CCOCc1nnc(NC(=O)Cc2ccc(OC)c(OC)c2)s1,0.7954545454545454
175614748,CC(C)c1ccc(Cn2c(CO)nc3ccccc32)cc1,0.7951807228915663
17114986,CC(C)(C)c1ccc(C(=O)Nc2nc3c(Cl)cccc3s2)cc1,0.7948717948717948
17106573,CC(C)Oc1ccc(C(=O)Nc2nc3ccccc3s2)cc1,0.7948717948717948
17059772,CCOc1ccc(C(=O)Nc2nc3ccccc3s2)cc1,0.7948717948717948
16977724,COc1ccc2c(c1)C(=O)CC(O)(C(F)(F)F)O2,0.7948717948717948
136958446,O=C(Nc1cccc(C(F)(F)F)c1)c1ccccc1Cl,0.7945205479452054
24430189,O=C(Nc1nc2ccccc2s1)c1ccc2ccccc2c1,0.7945205479452054
17138633,CCc1ccc(C(=O)Nc2cc(C)on2)cc1,0.7945205479452054
17055648,O=C(Nc1cccc(C(F)(F)F)c1)c1cccc(Cl)c1,0.7945205479452054
17054541,CCN(CC)S(=O)(=O)c1ccc(NC(=O)c2cccs2)cc1,0.7945205479452054
16996965,CCOC(=O)c1cnc2c(C)c(C)ccc2c1O,0.7945205479452054
251913644,CCCC(=O)Nc1ccc(NC(=O)c2cccs2)cc1,0.7941176470588235
24378916,Cc1cc(NC(=O)c2ccc(N(C)C)cc2)no1,0.7941176470588235
17126296,CCOC(=O)C1=C(C)N=c2s/c(=C\c3cc(Br)ccc3O)c(=O)n2C1c1ccc(OC)c(OCC)c1,0.7938931297709924
16982897,CCOC(=O)C1=C(C)N=c2s/c(=C/c3cc(Cl)cc(Cl)c3O)c(=O)n2C1c1cc(OC)ccc1OC,0.7938931297709924
124352544,CCC(=O)Nc1ccc(NC(=O)Nc2cccc(Cl)c2)cc1,0.7936507936507936
124352527,CC(C)C(=O)Nc1ccc(NC(=O)Nc2cccc(Cl)c2)cc1,0.7936507936507936
17113442,Cc1ccc(NC(=O)c2cccs2)cc1,0.7936507936507936
17096100,CCOC(=O)C1=C(C)N=c2s/c(=C\c3cc(C)[nH]c3C)c(=O)n2C1c1ccccc1OC,0.7936507936507936
17006074,CC(=O)Nc1ccc(NC(=O)c2cccs2)cc1,0.7936507936507936
16983879,CCOC(=O)C1=C(C)N=c2s/c(=C\c3ccccc3Cl)c(=O)n2C1c1cccc(OC)c1,0.7936507936507936
16960037,COc1ccc(NC(=O)Nc2cccc(Cl)c2)cc1,0.7936507936507936
17126041,CCOC(=O)C1=C(C)N=c2s/c(=C\c3cccc(Cl)c3Cl)c(=O)n2C1c1ccccc1Cl,0.7933884297520661
16974537,COC(=O)C1=C(C)N=c2s/c(=C\c3cccc(Cl)c3)c(=O)n2C1c1ccc(OC)cc1,0.7933884297520661
195199683,CCCOc1ccc(C(=O)Nc2cccc(-c3nc4ccccc4[nH]3)c2)cc1,0.7920792079207921
17129068,CCOC(=O)C1=C(c2ccccc2)N=c2s/c(=C\c3cc(OC)c(OC)c(OC)c3)c(=O)n2C1c1ccc(F)cc1,0.7916666666666666
17129053,CCOC(=O)C1=C(c2ccccc2)N=c2s/c(=C\c3cccc(OC)c3O)c(=O)n2C1c1ccc(F)cc1,0.7916666666666666
124750471,COc1ccc(Cc2nnc(NC(=O)c3ccc(Cl)c(Cl)c3)s2)cc1OC,0.7912087912087912
17130472,Cc1c(C#N)c2ccccc2n1CC(=O)Nc1ccc(Br)cc1,0.7912087912087912
17093760,COc1ccc(Cc2nnc(NC(=O)C34CC5CC(CC(C5)C3)C4)s2)cc1OC,0.7912087912087912
17079343,COc1ccc(NC(=O)c2cc(Cl)ccc2NC(=O)c2cccc(Br)c2)cc1,0.7912087912087912
17056955,Cc1ccc(C(=O)C(C)Oc2cccc(NC(=O)c3cccs3)c2)cc1,0.7912087912087912
250162603,CCOC(=O)c1ccc2nc(C)cc(Nc3ccc(Br)cc3)c2c1,0.7906976744186046
17108818,CCOc1cc(CNC(C)c2ccccc2)cc(Cl)c1OC,0.7906976744186046
17103392,CCN(c1ccccc1)S(=O)(=O)c1ccc(NC(=O)c2ccco2)cc1,0.7906976744186046
17093112,CCOC(=O)C1=C(C)N=c2s/c(=C\c3c(OC)ccc4ccccc34)c(=O)n2C1c1ccccc1Cl,0.7906976744186046
49843113,CCOC(=O)C1=C(C)N=c2s/c(=C\c3cnn(C)c3)c(=O)n2C1c1ccc(OC)cc1,0.7903225806451613
17130281,CCOC(=O)C1=C(C)N=c2s/c(=C/c3ccc(OC)cc3)c(=O)n2C1c1ccc(C)c(OC)c1,0.7903225806451613
17129985,CCOC(=O)C1=C(C)N=c2s/c(=C\c3ccc(OC)cc3)c(=O)n2C1c1cccc2ccccc12,0.7903225806451613
17084785,CCOC(=O)C1=C(C)N=c2s/c(=C/c3cn(CC)nc3C)c(=O)n2C1c1ccc(Cl)cc1,0.7903225806451613
17065105,CCOC(=O)C1=C(C)N=c2s/c(=C\c3ccc(OC(F)F)cc3)c(=O)n2C1c1ccc(OC)cc1,0.7903225806451613
17035236,CCOC(=O)C1=C(C)N=c2s/c(=C\c3cccc(OC)c3O)c(=O)n2C1c1ccc(C)cc1,0.7903225806451613
17034587,CCOC(=O)C1=C(C)N=c2s/c(=C\c3cccnc3)c(=O)n2C1c1ccc(OC)cc1,0.7903225806451613
17004531,CCOC(=O)C1=C(C)N=c2s/c(=C\c3ccc(Cl)cc3)c(=O)n2C1c1ccc(OC)c(OC)c1,0.7903225806451613
118051223,CCCOc1ccc(C(=O)NC2CCN(Cc3ccccc3)CC2)cc1,0.7901234567901234
17032249,O=C(Nc1nc(-c2ccc(Cl)cc2)cs1)c1ccccc1Br,0.7901234567901234
383535122,CC(C)c1nnc2ccc(SCC(=O)Nc3ccc4c(c3)OCO4)nn12,0.7894736842105263
195197706,O=C(O)c1ccc2[nH]c(-c3ccc(Cl)cc3)nc2c1,0.7894736842105263
49700305,O=C(Nc1ccc(Br)c(Cl)c1)c1ccc(Br)o1,0.7894736842105263
17095816,CCOC(=O)C1=C(c2ccccc2)N=c2s/c(=C\c3ccc4c(c3)OCO4)c(=O)n2C1c1cccc(OC)c1OC,0.7894736842105263
17045340,Cc1ccccc1/N=c1\oc2cc(O)ccc2cc1-c1nc2ccccc2[nH]1,0.7889908256880734
125269424,O=C(O)CCC(=O)NC1CCN(Cc2ccccc2)CC1,0.7887323943661971
24429666,Clc1ccc2c(Nc3ccccc3)ccnc2c1,0.7887323943661971
17121262,O=C(CCC(=O)N1CCN(c2ccnc3cc(Cl)ccc23)CC1)N1CCN(c2ccnc3cc(Cl)ccc23)CC1,0.7887323943661971
439941894,CC(C)NCC(O)Cn1c2ccccc2c2ccccc21,0.7878787878787878
24711540,CCOC(=O)c1cnc2ccc(C)cc2c1NCc1cccnc1,0.7878787878787878
17130694,CCCOc1c(OC)cccc1C1C(C(=O)OC)=C(C)N=c2s/c(=C/c3ccc(OC)c4ccccc34)c(=O)n21,0.7878787878787878
17130452,CCOC(=O)C1=C(C)N=c2s/c(=C/c3c(OC)ccc4ccccc34)c(=O)n2C1c1cccc(OC)c1OCC,0.7878787878787878
16983271,CCOC(=O)C1=C(c2ccccc2)N=c2s/c(=C/c3ccccc3O)c(=O)n2C1c1c(OC)ccc2ccccc12,0.7878787878787878
16954214,Cc1cc(NC(=O)c2ccc(C)c(C)c2)no1,0.7878787878787878
17126312,CCOC(=O)C1=C(C)N=c2s/c(=C\c3cc(OC)ccc3OC)c(=O)n2C1c1ccc(OC)c(OCC)c1,0.7874015748031497
17126044,CCOC(=O)C1=C(C)N=c2s/c(=C\c3cccc(OC)c3O)c(=O)n2C1c1ccc(OCC)cc1,0.7874015748031497
17124878,CCOC(=O)C1=C(C)N=c2s/c(=C\c3cc4c(cc3C)OCO4)c(=O)n2C1c1ccc(Cl)cc1,0.7874015748031497
17110434,CCOC(=O)C1=C(C)N=c2s/c(=C/c3cc(OC)c(OC)cc3OC)c(=O)n2C1c1ccc(OC(C)C)cc1,0.7874015748031497
17093354,CCOC(=O)C1=C(C)N=c2s/c(=C\c3c(C)[nH]c4ccccc34)c(=O)n2C1c1ccccc1OC,0.7874015748031497
17099527,O=C(Nc1ccc(-c2ccc(NC(=O)c3cccs3)cc2)cc1)c1cccs1,0.7868852459016393
17006603,O=C(Nc1ccc(Br)cc1)c1cccc(Cl)c1,0.7868852459016393
16983144,CCOC(=O)C1=C(C)N=c2s/c(=C/c3ccc(F)cc3)c(=O)n2C1c1ccccc1OC,0.7868852459016393
163425632,CCOc1ccccc1NC(=O)CN1CCOCC1,0.7865168539325843
26700122,CCc1ccccc1NC(=O)c1cc(Cl)ccc1NC(=O)c1ccc(OC)cc1,0.7865168539325843
24711674,COc1cc(CNCC(C)O)cc(Cl)c1OCc1ccccc1,0.7865168539325843
17056976,Cc1ccccc1C(=O)Nc1ccc(OC(C)C(=O)c2ccc(Cl)cc2)cc1,0.7865168539325843
17056973,CC(Oc1cccc(NC(=O)c2cccs2)c1)C(=O)c1ccccc1,0.7865168539325843
17009986,Cc1ccc(C2Sc3ccccc3N=C3c4ccccc4C(=O)C32)cc1Cl,0.7865168539325843
250162076,Nc1c2c(nc3ccccc13)CCCC2,0.7857142857142857
118052300,CCCOc1cccc(C(=O)NC2CCN(Cc3ccccc3)CC2)c1,0.7857142857142857
17114330,COc1ccc(C(=O)Nc2ccccc2C(=O)Nc2ccc(Cl)cc2)cc1,0.7857142857142857
17102541,CN(Cc1ccccc1)S(=O)(=O)c1ccc(NC(=O)c2ccco2)cc1,0.7857142857142857
17110594,CCOC(=O)C1=C(C)N=c2s/c(=C\c3ccc(O)c(OC)c3)c(=O)n2C1c1ccc(OC(C)C)cc1,0.7846153846153846
17093432,CCOC(=O)C1=C(C)N=c2s/c(=C\c3cc(Br)cc(OC)c3O)c(=O)n2C1c1ccc(OCC)cc1,0.7846153846153846
17034641,CCOC(=O)C1=C(C)N=c2s/c(=C\Cc3cc(Cl)ccc3O)c(=O)n2C1c1ccc(OC)c(OC)c1,0.7846153846153846
163628107,CCOC(=O)c1cnc2ccc(C(=O)OC)cc2c1NCc1cccnc1,0.7843137254901961
17110535,CCOC(=O)C1=C(C)N=c2s/c(=C\c3ccc(OCC(=O)O)cc3)c(=O)n2C1c1ccc(Cl)cc1,0.784
17093446,CCOC(=O)C1=C(C)N=c2s/c(=C\c3ccc(O)c(OCC)c3)c(=O)n2C1c1ccc(OCC)cc1,0.784
17084954,CCOC(=O)C1=C(C)N=c2s/c(=C/c3c(C)nn(CC)c3C)c(=O)n2C1c1ccc(OC)cc1,0.784
16983757,CCOC(=O)C1=C(C)N=c2s/c(=C\c3ccccc3OC)c(=O)n2C1c1ccc(C(C)C)cc1,0.784
16964036,O=C(Nc1ccc(Cl)cc1)c1cccs1,0.7837837837837838
17012947,CCOC(=O)C1=C(C)N=c2s/c(=C/c3cccs3)c(=O)n2C1c1ccc(Cl)cc1,0.7833333333333333
17008924,CCOC(=O)C1=C(C)N=c2s/c(=C/c3cccc4ccccc34)c(=O)n2C1c1ccccc1,0.7833333333333333
17006350,CCOC(=O)C1=C(C)N=c2s/c(=C\c3ccc(Br)cc3)c(=O)n2C1c1ccc(Cl)cc1,0.7833333333333333
16983265,COc1ccccc1C1C(C(C)=O)=C(C)N=c2s/c(=C/c3ccc(OC)c4ccccc34)c(=O)n21,0.7833333333333333
124352995,CC(C)(C)C(=O)Nc1nc2ccccc2s1,0.782608695652174
118051811,CCNC(=O)c1ccc(NC(=O)c2cccs2)cc1,0.782608695652174
24429304,CCOc1ccc(NC(=O)c2cccs2)cc1,0.782608695652174
17124348,CCC(CC)C(=O)Nc1ccc(NC(=O)c2cccs2)cc1,0.782608695652174
17000851,O=C(Nc1ccc(NC(=O)c2ccc(Cl)cc2Cl)c(Cl)c1)c1ccc(Cl)cc1Cl,0.782608695652174
16964222,O=C(c1cc2n(n1)C(C(F)(F)F)CC(c1ccc(Cl)cc1)N2)N1CCN(c2ccccc2)CC1,0.782608695652174
17130299,CCOC(=O)C1=C(C)N=c2s/c(=C/c3ccccc3OCC#N)c(=O)n2C1c1cccc(OC)c1OCC,0.7819548872180451
17012566,CCOC(=O)C1=C(C)N=c2s/c(=C/c3c[nH]c4ccccc34)c(=O)n2C1c1cc(OC)ccc1OC,0.7819548872180451
16983152,CCOC(=O)C1=C(C)N=c2s/c(=C/c3c[nH]c4ccccc34)c(=O)n2C1c1ccc(OC)cc1OC,0.7819548872180451
118051032,CC(=O)Nc1cccc(-c2nc3ccccc3[nH]2)c1,0.7816091954022989
16984038,OC1=C2C(=Nc3ccccc3SC2c2ccc3c(c2)OCO3)c2ccccc21,0.7816091954022989
172543056,OC(CNCc1ccc(OCc2ccccc2)cc1)c1ccccc1,0.78125
17126311,CCOC(=O)C1=C(C)N=c2s/c(=C\c3ccc(OC)cc3OC)c(=O)n2C1c1ccc(OC)c(OCC)c1,0.78125
17126063,CCOC(=O)C1=C(C)N=c2s/c(=C/c3cc(OCC)c(O)cc3Br)c(=O)n2C1c1ccc(OCC)cc1,0.78125
17104164,NS(=O)(=O)c1ccc(NC(=O)Nc2cccc(Cl)c2)cc1,0.78125
17093444,CCOC(=O)C1=C(C)N=c2s/c(=C\c3cc(Br)c(OC)cc3OC)c(=O)n2C1c1ccc(OCC)cc1,0.78125
17077490,Cc1cc(C)cc(NC(=O)Nc2cccc(Cl)c2)c1,0.78125
17077191,O=C(Nc1ccc(Oc2ccccc2)cc1)Nc1cccc(Cl)c1,0.78125
17036041,CCOC(=O)C1=C(C)N=c2s/c(=C\c3ccc4c(c3)OCO4)c(=O)n2C1c1ccc(OC)cc1,0.78125
17110014,CCOC(=O)C1=C(c2ccccc2)N=c2s/c(=C\c3ccc(OC)cc3OC)c(=O)n2C1c1ccc(F)cc1,0.7808219178082192
342614193,COc1cc(C(=O)Nc2ccc(-c3ccccc3)cc2)cc(OC)c1OC,0.7804878048780488
17119224,CCOC(=O)C1=C(C)N=c2s/c(=C/c3ccc(Br)s3)c(=O)n2C1c1ccccc1OC,0.7804878048780488
17104954,CCCNS(=O)(=O)c1ccc(NC(=O)c2ccco2)cc1,0.7804878048780488
17096471,COc1cc(Br)c(C(C)NC(=O)c2ccccc2)cc1OC,0.7804878048780488
17093356,CCOC(=O)C1=C(C)N=c2s/c(=C\c3ccco3)c(=O)n2C1c1ccccc1OC,0.7804878048780488
17024784,OC(Cn1cnc2ccccc21)Cn1c2ccc(Br)cc2c2cc(Br)ccc21,0.7804878048780488
195198769,Cc1cccc(OCC(=O)Nc2ccc(-c3nc4ccccc4[nH]3)cc2)c1,0.78
17018708,O=C(O)c1c2c(nc3ccccc13)CCCC2,0.7796610169491526
17004438,O=C(c1ccc(Cl)cc1Cl)N1CCN(C(=O)c2ccc(Cl)cc2Cl)CC1,0.7796610169491526
16964194,O=C(c1cc2n(n1)C(C(F)(F)F)CC(c1ccccc1)N2)N1CCN(Cc2ccccc2)CC1,0.7787610619469026
252147350,OCCCN1CCN(c2ccnc3cc(Cl)ccc23)CC1,0.7777777777777778
92090248,c1cncc(-c2nc3ccccc3[nH]2)c1,0.7777777777777778
17130302,CCOC(=O)C1=C(C)N=c2s/c(=C/c3cc(OC)c(OC)cc3Cl)c(=O)n2C1c1ccc(C)c(OC)c1,0.7777777777777778
17126303,CCOC(=O)C1=C(C)N=c2s/c(=C\c3ccc(OC)cc3)c(=O)n2C1c1ccc(OC)c(OCC)c1,0.7777777777777778
17126298,CCOC(=O)C1=C(C)N=c2s/c(=C/c3ccccc3OC)c(=O)n2C1c1ccc(OC)c(OCC)c1,0.7777777777777778
17124624,CCOC(=O)C1=C(C)N=c2s/c(=C\c3ccc(O)c(OC)c3)c(=O)n2C1c1ccc(F)cc1,0.7777777777777778
17110496,CCOC(=O)C1=C(C)N=c2s/c(=C/c3ccc(N(CC)CC)o3)c(=O)n2C1c1ccc(OC)cc1,0.7777777777777778
17109957,CCOC(=O)C1=C(C)N=c2s/c(=C\c3ccc(O)c(OC)c3)c(=O)n2C1c1ccc(Br)cc1,0.7777777777777778
17105724,CCCOc1ccc(C(=O)Nc2ccc(S(=O)(=O)Nc3cc(C)on3)cc2)cc1,0.7777777777777778
17097943,O=C(Nc1ccccc1C(=O)Nc1ccccc1)c1ccc(Cl)cc1Cl,0.7777777777777778
17093479,CCOC(=O)C1=C(C)N=c2s/c(=C\c3c[nH]c4ccccc34)c(=O)n2C1c1cccc2ccccc12,0.7777777777777778
17093447,CCOC(=O)C1=C(C)N=c2s/c(=C\c3ccc(O)c(Br)c3)c(=O)n2C1c1ccc(OCC)cc1,0.7777777777777778
17006930,Cc1cccc(Nc2nc(-c3ccc(C)cc3C)cs2)c1,0.7777777777777778
16983859,CCOC(=O)C1=C(C)N=c2s/c(=C\c3cc(OC)ccc3Br)c(=O)n2C1c1cccc(OC)c1,0.7777777777777778
17034650,CCOC(=O)C1=C(C)N=c2s/c(=C\c3ccc(C)o3)c(=O)n2C1c1ccc(Cl)cc1,0.7768595041322314
16983755,CCOC(=O)C1=C(C)N=c2s/c(=C\c3ccc(Cl)cc3)c(=O)n2C1c1ccc(C(C)C)cc1,0.7768595041322314
17110227,COC(=O)c1ccc(Oc2nc3c(c(=O)n(C)c(=O)n3C)n2Cc2cccc(F)c2)cc1,0.7766990291262136
16972962,CCc1c(C)c(C#N)c2nc3ccccc3n2c1N1CCN(C2CCCCC2)CC1,0.7766990291262136
250162239,CC(C)COc1cccc(C(=O)NC2CCN(Cc3ccccc3)CC2)c1,0.7764705882352941
24430060,CC(Oc1ccccc1)c1nn2c(-c3cccs3)nnc2s1,0.7764705882352941
17148627,O=C(Nc1ccc(CN2CCOCC2)cc1)c1ccc(Cl)cc1,0.7764705882352941
17135267,CCC(c1ccccc1)c1nn2c(-c3ccco3)nnc2s1,0.7764705882352941
17096498,CCOc1cc(Br)c(C(C)NC(=O)c2ccccc2Br)cc1OCC,0.7764705882352941
17076392,Cc1cccc(C(=O)Nc2cc(C)on2)c1,0.7761194029850746
16960917,CCCCN(CCCC)Cc1c(C)nc2ccccc2c1O,0.7761194029850746
195197717,O=C(Nc1ccc(Cl)c(-c2nc3ccccc3[nH]2)c1)c1ccco1,0.7755102040816326
17129034,CCOC(=O)C1=C(c2ccccc2)N=c2s/c(=C\c3cc(Cl)ccc3OC)c(=O)n2C1c1ccc(F)cc1,0.7755102040816326
17113151,CCC(=O)Nc1ccc(Cl)c(Cl)c1,0.7755102040816326
17098120,O=C(CCCC(=O)Nc1ccc(Cl)c(Cl)c1)Nc1ccc(Cl)c(Cl)c1,0.7755102040816326
17060463,CC(C)C(=O)Nc1ccc(Cl)c(Cl)c1,0.7755102040816326
17052570,O[C@@H](CNC[C@H](O)c1ccccc1)c1ccccc1,0.7755102040816326
17126282,CCOC(=O)C1=C(C)N=c2s/c(=C/c3cc(OCC)c(OC)cc3Br)c(=O)n2C1c1ccccc1OC,0.7751937984496124
17034655,CCOC(=O)C1=C(C)N=c2s/c(=C\Cc3cc(Cl)ccc3O)c(=O)n2C1c1ccc(N(C)C)cc1,0.7751937984496124
17024645,CCOC(=O)C1=C(C)N=c2s/c(=C\c3cc4c(cc3Br)OCO4)c(=O)n2C1c1ccc(Cl)cc1,0.7751937984496124
16982967,CCOC(=O)C1=C(C)N=c2s/c(=C/c3ccc(O)c(OCC)c3)c(=O)n2C1c1cccc2ccccc12,0.7751937984496124
16981813,CCOC(=O)C1=C(C)N=c2s/c(=C/c3cc(Br)c(OC)c(OC)c3)c(=O)n2C1c1ccc(Cl)cc1,0.7751937984496124
342615010,COc1ccc(NC(=O)c2cc3ccccc3nc2N)cc1,0.775
164169505,COc1ccc(C(=O)OCCn2c(C)nc3ccccc3c2=O)cc1,0.775
17101981,O=C(Nc1ccccc1C(=O)NC1CCCCC1)c1ccc(F)cc1,0.775
16968750,Cc1ccc(C(=O)Nc2ccccc2C(=O)Nc2nc3ccccc3s2)cc1,0.775
26700106,COc1ccc(C(=O)Nc2ccc(Cl)cc2C(=O)Nc2ccc(Br)cn2)cc1,0.7741935483870968
17126859,CCOC(=O)C1=C(c2ccccc2)N=c2s/c(=C/c3cc(C)n(-c4cccnc4)c3C)c(=O)n2C1c1cccc(OC)c1,0.7741935483870968
17108357,CCOc1cc(CNC(C)c2ccccc2)cc(Cl)c1OCC(N)=O,0.7741935483870968
17068576,Fc1cccc(CN2CCN(Cc3cccc(F)c3)CC2)c1,0.7741935483870968
17065095,CCOC(=O)C1=C(C)N=c2s/c(=C\c3ccccc3)c(=O)n2C1c1ccc(OC)cc1OC,0.7741935483870968
17048893,COc1ccc(Cc2nnc(NC(=O)C3c4ccccc4Oc4ccccc43)s2)cc1OC,0.7741935483870968
17011655,CC1CC(C)CN(C(=O)c2ccc(Cl)cc2)C1,0.7741935483870968
17006351,CCOC(=O)C1=C(C)N=c2s/c(=C\c3cccc(Br)c3)c(=O)n2C1c1ccc(Cl)cc1,0.7741935483870968
16982906,CCOC(=O)C1=C(C)N=c2s/c(=C/c3ccc(OC)cc3C)c(=O)n2C1c1cc(OC)ccc1OC,0.7741935483870968
24844297,CCOC(=O)c1cnc2cc(Cl)ccc2c1O,0.7733333333333333
24711908,CNCc1ccc(-c2ccc(F)c(Cl)c2)o1,0.7733333333333333
17021789,CN1CCN(C(=O)c2sc3ccccc3c2Cl)CC1,0.7733333333333333
17007387,COC(=O)C1=C(C)N=c2s/c(=C\c3ccc(OC)cc3OC)c(=O)n2C1c1ccc(OC)cc1,0.773109243697479
17121342,CCOC(=O)C1=C(C)N=c2s/c(=C/c3cc4ccccc4n3Cc3ccccc3)c(=O)n2C1c1ccc(OC)cc1,0.7727272727272727
17093647,CCOC(=O)C1=C(C)N=c2s/c(=C/c3ccccc3OCc3ccc(C(=O)O)cc3)c(=O)n2C1c1ccccc1OC,0.7727272727272727
17014925,N=c1n(CC(=O)c2ccc(Cl)c(Cl)c2)c2ccccc2n1Cc1ccccc1Cl,0.7727272727272727
17012907,O=C(Nc1ccc(NC(=O)c2ccc(-c3cc(Cl)ccc3Cl)o2)cc1)c1ccccc1,0.7727272727272727
17006331,N=c1n(CC(=O)c2ccc(Cl)c(Cl)c2)c2ccccc2n1Cc1ccc(Cl)cc1,0.7727272727272727
17095819,CCOC(=O)C1=C(c2ccccc2)N=c2s/c(=C\c3cccc(OC)c3OC)c(=O)n2C1c1cccs1,0.7724137931034483
124751275,Cc1ccc(Cn2c(N)c(C(=O)NCC(C)C)c3nc4ccccc4nc32)cc1,0.7722772277227723
24712189,CCOC(=O)c1cnc2ccc(Cl)cc2c1NCc1cccnc1,0.7722772277227723
152186674,c1ccc2[nH]c(Nc3ccc(-c4nc5ccccc5[nH]4)cc3)nc2c1,0.7719298245614035
17077373,Cc1cc(NC(=O)Nc2ccc(Cl)c(Cl)c2)no1,0.7719298245614035
17130279,CCOC(=O)C1=C(C)N=c2s/c(=C/c3cccc(OC)c3O)c(=O)n2C1c1ccc(C)c(OC)c1,0.7716535433070866
17126304,CCOC(=O)C1=C(C)N=c2s/c(=C\c3ccc(Cl)cc3)c(=O)n2C1c1ccc(OC)c(OCC)c1,0.7716535433070866
17109875,CCOC(=O)C1=C(C)N=c2s/c(=C\c3cccc(O)c3)c(=O)n2C1c1cc(OC)ccc1OC,0.7716535433070866
17084761,CCOC(=O)C1=C(C)N=c2s/c(=C/c3c[nH]nc3-c3ccccc3)c(=O)n2C1c1ccc(Cl)cc1,0.7716535433070866
17034647,CCOC(=O)C1=C(C)N=c2s/c(=C\c3c[nH]c4ccccc34)c(=O)n2C1c1ccc(Cl)cc1,0.7716535433070866
17014830,CCOC(=O)C1=C(C)N=c2s/c(=C\c3cn(C)c4ccccc34)c(=O)n2C1c1ccc(Cl)cc1,0.7716535433070866
16990405,CCOC(=O)C1=C(C)N=c2s/c(=C/c3ccccc3O)c(=O)n2C1c1ccc2c(c1)OCO2,0.7716535433070866
16982895,CCOC(=O)C1=C(C)N=c2s/c(=C/c3cc(OC)c(O)cc3Br)c(=O)n2C1c1ccccc1,0.7716535433070866
251914033,CCc1ccc(C(=O)Nc2ccc(NC(=O)c3cccs3)cc2)cc1,0.7714285714285715
17139828,Cc1cc(NC(=O)c2ccccc2C(=O)c2ccccc2)no1,0.7714285714285715
17124220,CCC(C)C(=O)Nc1ccc(NC(=O)c2cccs2)cc1,0.7714285714285715
17096473,COc1ccc(C(=O)NC(C)c2cc(OC)c(OC)cc2Br)cc1,0.7710843373493976
17012896,Cc1ccccc1NC(=O)c1ccc(-c2cc(Cl)ccc2Cl)o1,0.7710843373493976
17147239,CCOC(=O)c1cnc2c(C(F)(F)F)cccc2c1Nc1ccc(CC)cc1,0.7708333333333334
17133531,Cc1ccc(C)c(Oc2nc3c(c(=O)n(C)c(=O)n3C)n2Cc2ccccc2)c1,0.7708333333333334
17109045,O=C(Nc1ccc(-c2nc3ccccc3[nH]2)cc1)c1cc(-n2cnnc2)ccc1Cl,0.7708333333333334
16988578,Cc1ccc(Nc2nc(-c3ccc(S(=O)(=O)N4CCCCC4)cc3)cs2)cc1C,0.7708333333333334
17093478,CCOC(=O)C1=C(C)N=c2s/c(=C\c3cccs3)c(=O)n2C1c1cccc2ccccc12,0.7704918032786885
17084805,CCOC(=O)C1=C(C)N=c2s/c(=C/c3ccoc3)c(=O)n2C1c1ccc(Cl)cc1,0.7704918032786885
17024299,CCOC(=O)C1=C(C)N=c2s/c(=C\c3ccccc3F)c(=O)n2C1c1ccccc1Cl,0.7704918032786885
17129525,CCOC(=O)C1=C(C)N=c2s/c(=C\c3cc(C)n(CCOC)c3C)c(=O)n2C1c1cccc(OC)c1OC,0.7702702702702703
164169499,Cc1nc2ccccc2c(=O)n1CCOC(=O)c1ccncc1,0.7692307692307693
164168731,OCCOc1ccc(CNCC(O)c2ccccc2)cc1,0.7692307692307693
124352661,CN(C)C(=O)c1ccc(NC(=O)Nc2cccc(Cl)c2)cc1,0.7692307692307693
118051625,CCCC(=O)Nc1ccc(NC(=O)Nc2cccc(Cl)c2)cc1,0.7692307692307693
24844344,CC(=O)c1ccc(NC(=O)c2cccs2)cc1,0.7692307692307693
17126057,CCOC(=O)C1=C(C)N=c2s/c(=C/c3cc(Cl)c(OC)c(OC)c3)c(=O)n2C1c1ccc(OCC)cc1,0.7692307692307693
17110417,CCOC(=O)C1=C(C)N=c2s/c(=C\c3ccc(OC)c(O)c3)c(=O)n2C1c1ccc(OC(C)C)cc1,0.7692307692307693
17103390,CCN(c1ccccc1)S(=O)(=O)c1ccc(NC(=O)c2cccs2)cc1,0.7692307692307693
17056977,COc1cccc(C(=O)Nc2ccc(OC(C)C(=O)c3ccc(Cl)cc3)cc2)c1,0.7692307692307693
17035227,CCOC(=O)C1=C(C)N=c2s/c(=C\c3cc4c(cc3Cl)OCO4)c(=O)n2C1c1ccc(OCC)cc1,0.7692307692307693
17033194,Cc1ccccc1/N=c1\oc2ccccc2cc1-c1nc2ccccc2[nH]1,0.7692307692307693
17003391,COc1ccc(-c2nnc(NC(=O)c3cccc(C)c3)s2)cc1OC,0.7692307692307693
17002436,COc1ccc(C(=O)Nc2ccc(Cl)cc2Cl)cc1,0.7692307692307693
16985312,COc1ccc(C(=O)Nc2nc3ccccc3s2)cc1OC,0.7692307692307693
17129492,CCOC(=O)C1=C(C)N=c2s/c(=C/c3cc(OC)c(OC)cc3OC)c(=O)n2C1c1ccc(N(C)C)cc1,0.768
17109893,CCOC(=O)C1=C(C)N=c2s/c(=C\c3ccccc3OC)c(=O)n2C1c1ccc(SC)cc1,0.768
17093777,CCOC(=O)C1=C(C)N=c2s/c(=C\c3cc(Cl)cc(Cl)c3O)c(=O)n2C1c1ccccc1Cl,0.768
17093352,CCOC(=O)C1=C(C)N=c2s/c(=C\c3ccc(SC)cc3)c(=O)n2C1c1ccccc1OC,0.768
17034593,CCOC(=O)C1=C(C)N=c2s/c(=C\c3c(OC)ccc4ccccc34)c(=O)n2C1c1ccccc1,0.768
16990856,CCOC(=O)C1=C(C)N=c2s/c(=C/c3cc(Br)ccc3OC)c(=O)n2C1c1ccccc1,0.768
16990306,CCOC(=O)C1=C(C)N=c2s/c(=C/c3ccccc3OC)c(=O)n2C1c1ccc(N(C)C)cc1,0.768
223652443,CCC(c1ccccc1)c1nn2c(-c3cccnc3)nnc2s1,0.7674418604651163
162163889,CCOc1cccc(C(=O)NC(C)c2ccc(OC)cc2)c1,0.7674418604651163
26700095,O=C(Nc1ccc(Cl)cc1C(=O)Nc1cccc(C(F)(F)F)c1)c1ccco1,0.7674418604651163
24430065,CCC(c1ccccc1)c1nn2c(-c3ccoc3C)nnc2s1,0.7674418604651163
24380119,CCC(c1ccccc1)c1nn2c(-c3ccc(OC)cc3)nnc2s1,0.7674418604651163
22397681,CCOc1c(CNCC(O)c2ccccc2)cccc1OC,0.7674418604651163
118051559,CCCN(CCC)C(=O)c1ccc(NC(=O)c2cccs2)cc1,0.7671232876712328
17087799,O=C(c1sc2ccccc2c1Cl)N1CCCN(C(=O)c2sc3ccccc3c2Cl)CC1,0.7671232876712328
16988582,Cc1ccc(Nc2nc(-c3ccc(-c4ccccc4)cc3)cs2)cc1C,0.7671232876712328
17035395,CCOC(=O)C1=C(C)N=c2s/c(=C\c3cc(Br)cc(OC)c3O)c(=O)n2C1c1ccc(OC(C)C)cc1,0.7669172932330827
17034860,CCOC(=O)C1=C(C)N=c2s/c(=C\c3cn(C)c4ccccc34)c(=O)n2C1c1cc(OC)c(OC)cc1Br,0.7669172932330827
342614936,c1ccc(COc2ccc(-c3nc4ccccc4[nH]3)cc2)cc1,0.7666666666666667
172112471,O=C(Nc1ccccc1)c1cccs1,0.7666666666666667
17070826,O=C(O)c1c2c(nc3ccccc13)CCCCCC2,0.7666666666666667
16984115,O=C(O)c1c2c(nc3ccccc13)CCCCCCCCCC2,0.7666666666666667
163628953,CCOC(=O)c1ccc2ncc(C(=O)OCC)c(NCCO)c2c1,0.7659574468085106
46499791,CC(=O)N1CCN(c2ccccc2NC(=O)c2ccc(-c3ccc(Cl)cc3Cl)o2)CC1,0.7659574468085106
26700609,COc1ccc(C(=O)Nc2cc(-c3nc4ccccc4[nH]3)ccc2C)cc1,0.7659574468085106
26699765,COc1cc(C(=O)Nc2ccc3c4c(cccc24)CC3)cc(OC)c1OC,0.7659574468085106
16992789,CC1CCN(S(=O)(=O)c2ccc(C(=O)NCc3ccco3)cc2)CC1,0.7659574468085106
17126062,CCOC(=O)C1=C(C)N=c2s/c(=C/c3cc(Cl)c(O)c(OCC)c3)c(=O)n2C1c1ccc(OCC)cc1,0.765625
17034590,CCOC(=O)C1=C(C)N=c2s/c(=C\c3c(OC)ccc4ccccc34)c(=O)n2C1c1ccc(OC)cc1,0.765625
16991533,CCOC(=O)C1=C(C)N=c2s/c(=C/c3ccc(O)cc3)c(=O)n2C1c1c(OC)ccc2ccccc12,0.765625
16982919,CCOC(=O)C1=C(C)N=c2s/c(=C/c3cc(OC)c(O)cc3Br)c(=O)n2C1c1ccc(OC)c(OC)c1,0.765625
17095676,CC(=O)Nc1ccc(NC(=O)c2ccc(-c3ccc(Br)cc3)o2)cc1,0.7654320987654321
17095674,O=C(Nc1ccc(F)cc1)c1ccc(-c2ccc(Br)cc2)o1,0.7654320987654321
17095670,Cc1ccc(NC(=O)c2ccc(-c3ccc(Br)cc3)o2)cc1,0.7654320987654321
16996330,O=C(Nc1ccc(F)cc1)c1ccc(-c2ccc(Cl)cc2Cl)o1,0.7654320987654321
16992902,Nc1nc2cc3c(cc2cc1C(=O)Nc1ccccc1)OCO3,0.7654320987654321
17129078,CCOC(=O)C1=C(c2ccccc2)N=c2s/c(=C\c3cc(Cl)c(OC)c(OC)c3)c(=O)n2C1c1ccc(F)cc1,0.7651006711409396
17099740,Cc1cccc(NC(=O)Nc2cccc(Cl)c2)c1C,0.7647058823529411
17051962,CCOc1cccc(C(=O)Nc2ccc(C(=O)Nc3ccc(-c4nc5ccccc5o4)cc3)cc2)c1,0.7647058823529411
17021008,Cc1cc(N2CCN(C3=NCC(C)(C)S3)CC2)n2c(nc3ccccc32)c1C#N,0.7647058823529411
17007096,CCOC(=O)C1=C(C)N=c2s/c(=C/C=C/c3ccccc3)c(=O)n2C1c1ccc(OC)cc1,0.7642276422764228
144087972,Cc1ccc(C(=O)Nc2ccc(S(=O)(=O)N3CCCCC3)cc2)cc1,0.7640449438202247
49845006,CC(C)C(=O)Nc1ccc(NC(=O)c2ccc(-c3cc(Cl)ccc3Cl)o2)cc1,0.7640449438202247
17148676,O=C(Nc1ccc(CN2CCOCC2)cc1)c1cccc(Cl)c1,0.7640449438202247
17148631,O=C(Nc1ccc(CN2CCOCC2)cc1)c1cc(Br)ccc1Cl,0.7640449438202247
17098101,Cc1ccc(C(=O)Nc2ccc(S(=O)(=O)N3CCCCCC3)cc2)cc1,0.7640449438202247
195197373,Clc1ccc(-c2nc3ccccc3[nH]2)cc1Cl,0.7636363636363637
17130687,CCCOc1ccccc1C1C(C(=O)OCC)=C(C)N=c2s/c(=C/c3cc(Br)ccc3O)c(=O)n21,0.7633587786259542
17130457,CCOC(=O)C1=C(C)N=c2s/c(=C/c3ccc(OC)cc3C)c(=O)n2C1c1cccc(OC)c1OCC,0.7633587786259542
17130267,CCOC(=O)C1=C(C)N=c2s/c(=C/c3cc(Br)c(OC)cc3OC)c(=O)n2C1c1cccc(OC)c1OCC,0.7633587786259542
17110422,CCOC(=O)C1=C(C)N=c2s/c(=C\c3cc(Br)c(OC)cc3OC)c(=O)n2C1c1ccc(OC(C)C)cc1,0.7633587786259542
17036071,CCOC(=O)C1=C(C)N=c2s/c(=C\c3c[nH]c4ccccc34)c(=O)n2C1c1ccc(OC)c(OC)c1,0.7633587786259542
16990369,CCOC(=O)C1=C(C)N=c2s/c(=C/c3cccc(OCc4ccccc4)c3)c(=O)n2C1c1ccc(OC)cc1,0.7633587786259542
16983717,CCOC(=O)C1=C(C)N=c2s/c(=C/c3cc(C(C)C)c(OC)cc3C)c(=O)n2C1c1ccc(OC)cc1OC,0.7633587786259542
16982936,CCOC(=O)C1=C(C)N=c2s/c(=C/c3ccc(OC)cc3C)c(=O)n2C1c1ccc2c(c1)OCO2,0.7633587786259542
16982903,CCOC(=O)C1=C(C)N=c2s/c(=C/c3ccc(OC)cc3OC)c(=O)n2C1c1c(OC)ccc2ccccc12,0.7633587786259542
16982595,CCOC(=O)C1=C(C)N=c2s/c(=C/c3ccc(O)c(OC)c3)c(=O)n2C1c1c(OC)ccc2ccccc12,0.7633587786259542
251912762,O=C(O)c1ccc(-c2nc3cc(Cl)ccc3[nH]2)cc1,0.7631578947368421
22397283,CCCOc1ccccc1C(=O)Nc1ccccc1,0.7631578947368421
17130683,CCCOc1c(OC)cccc1C1C(C(=O)OCC)=C(c2ccccc2)N=c2s/c(=C/c3ccc(O)c(OC)c3)c(=O)n21,0.7631578947368421
17147241,CCOC(=O)c1cnc2c(C(F)(F)F)cccc2c1Nc1ccc(Br)cc1,0.7628865979381443
17147240,CCOC(=O)c1cnc2c(C(F)(F)F)cccc2c1Nc1ccc(Cl)cc1,0.7628865979381443
16980408,CCOC(=O)c1c(C)n(-c2ccc(Cl)cc2)c2ccc(O)cc12,0.7628865979381443
164170348,O=C(Nc1cccc(Cl)c1N1CCCC1)c1ccc(Br)o1,0.7619047619047619
24711708,COc1cc(CNC(C)c2ccccc2)cc(Cl)c1OC,0.7619047619047619
17119450,CCOC(=O)C1=C(C)N=c2s/c(=C/c3ccc(C)cc3)c(=O)n2C1c1cccc(OC)c1OCC,0.7619047619047619
17055488,O=C(Nc1ccccc1)c1cccc(NC(=O)c2ccco2)c1,0.7619047619047619
17020066,O=C(Nc1ccc(Br)cc1)c1cccs1,0.7619047619047619
16991783,CCOC(=O)C1=C(C)N=c2s/c(=C/c3c[nH]c4ccccc34)c(=O)n2C1c1cc(Br)c(OC)cc1OC,0.7611940298507462
17007342,CCOC(=O)C1=C(C)N=c2s/c(=C/c3ccc(C)cc3)c(=O)n2C1c1ccc(C)cc1,0.7610619469026548
26700121,CCOc1ccccc1NC(=O)c1cc(Cl)ccc1NC(=O)c1ccc(OC)cc1,0.7608695652173914
17141442,CCOC(=O)c1ccccc1NC(=O)c1cc(Cl)ccc1NC(=O)c1ccc(OC)cc1,0.7608695652173914
16970616,CCOC(=O)c1cnc2ccccc2c1Nc1ccc(C(=O)OC)cc1,0.7608695652173914
250162354,CN(C)C(=O)Cc1ccc(NC(=O)c2cccs2)cc1,0.7605633802816901
118051541,CCCNC(=O)c1ccc(NC(=O)c2cccs2)cc1,0.7605633802816901
26700007,O=C(Nc1ccccc1C(=O)Nc1ccncc1)c1ccccc1Cl,0.7605633802816901
24429832,CCOC(=O)c1ccc(NC(=O)c2cccs2)cc1,0.7605633802816901
342614176,COC(=O)C1=C(C)N=c2s/c(=C\c3ccc(Cl)c(Cl)c3)c(=O)n2C1c1ccc(OC)cc1,0.7603305785123967
17096099,CCOC(=O)C1=C(C)N=c2s/c(=C\c3cc(C)[nH]c3C)c(=O)n2C1c1ccc(C)cc1,0.7603305785123967
17113878,O=C(Nc1ccc(Cl)c(Cl)c1)C1CC1,0.76
17145271,CCOC(=O)C1=C(C)N=c2s/c(=C/c3ccc(N4CCCC4)o3)c(=O)n2C1c1ccc(OC)cc1,0.7596899224806202
17130455,CCOC(=O)C1=C(C)N=c2s/c(=C/c3sccc3C)c(=O)n2C1c1cccc(OC)c1OCC,0.7596899224806202
17126306,CCOC(=O)C1=C(C)N=c2s/c(=C/c3ccccc3Cl)c(=O)n2C1c1ccc(OC)c(OCC)c1,0.7596899224806202
17110430,CCOC(=O)C1=C(C)N=c2s/c(=C\c3ccc(O)c(Br)c3)c(=O)n2C1c1ccc(OC(C)C)cc1,0.7596899224806202
17093109,CCOC(=O)C1=C(C)N=c2s/c(=C\c3ccc(OC)c(Br)c3)c(=O)n2C1c1ccccc1Cl,0.7596899224806202
17082361,CCOC(=O)C1=C(C)N=c2s/c(=C\c3c(C)nn(-c4ccccc4)c3C)c(=O)n2C1c1ccc(OC)cc1,0.7596899224806202
134221604,Cc1ccc(Cl)cc1NC(=O)c1ccc(F)cc1F,0.759493670886076
17108833,CCOc1cc(CNCc2ccccc2)cc(Cl)c1OCC,0.759493670886076
17095667,O=C(Nc1ccccc1)c1ccc(-c2ccc(Br)cc2)o1,0.759493670886076
17070848,O=C(c1cc2n(n1)C(C(F)(F)F)CC(c1ccc(Br)cc1)N2)N1CCCC1,0.7592592592592593
125164941,CC(C)(C)C(=O)Nc1ccc(F)c(Cl)c1,0.7586206896551724
57309464,Fc1ccc(-c2ccc(CNCC3CCNCC3)o2)cc1Cl,0.7586206896551724
26700097,COc1ccc(C(=O)Nc2ccccc2C(=O)Nc2cccc(Cl)c2)cc1,0.7586206896551724
24379814,Cc1ccc(-c2ccc(CNCC3CCNCC3)o2)cc1Cl,0.7586206896551724
17138158,CC(C)C(=O)Nc1ccc(F)c(Cl)c1,0.7586206896551724
17087881,O=C(CCCC(=O)Nc1ccc(F)c(Cl)c1)Nc1ccc(F)c(Cl)c1,0.7586206896551724
17070937,CCCOc1ccc(-c2cc(C(=O)NC3CCN(Cc4ccccc4)CC3)c3ccccc3n2)cc1,0.7586206896551724
17042245,Cc1nnc(NC(=O)Nc2ccc(Cl)c(Cl)c2)s1,0.7586206896551724
16984733,CCOc1cc(C2C(C(=O)OC)=CNC=C2C(=O)OC)cc(Br)c1OC,0.7586206896551724
16969149,CCC(=O)Nc1ccc(F)c(Cl)c1,0.7586206896551724
17126065,CCOC(=O)C1=C(C)N=c2s/c(=C\c3ccccc3C(=O)O)c(=O)n2C1c1ccc(OCC)cc1,0.7580645161290323
17081519,CCn1cc(/C=c2/sc3n(c2=O)C(c2ccc(OC)cc2)C(C(=O)OC)=C(C)N=3)c(C)n1,0.7580645161290323
17007413,CCOC(=O)C1=C(C)N=c2s/c(=C/c3ccc(Cl)cc3Cl)c(=O)n2C1c1cccs1,0.7580645161290323
17148674,COc1c(Cl)cc(Cl)cc1C(=O)Nc1ccc(CN2CCOCC2)cc1,0.7578947368421053
250162305,CNC(=O)c1ccc(NC(=O)c2cccs2)cc1,0.7575757575757576
103023397,O=C(Nc1ccccc1)c1ccc(Cl)cc1Cl,0.7575757575757576
24844396,Cc1cc(NC(=O)c2ccccc2C)no1,0.7575757575757576
24429846,CC(C)c1ccc(NC(=O)c2cccs2)cc1,0.7575757575757576
17130668,CCCOc1c(OC)cccc1C1C(C(=O)OC)=C(C)N=c2s/c(=C/c3cccc4ccccc34)c(=O)n21,0.7575757575757576
17130372,CCOC(=O)C1=C(C)N=c2s/c(=C/c3ccc(Cl)cc3Cl)c(=O)n2C1c1cccc(OC)c1OCC,0.7575757575757576
17109872,CCOC(=O)C1=C(C)N=c2s/c(=C\c3c(C)[nH]c4ccccc34)c(=O)n2C1c1ccc(OC)cc1OC,0.7575757575757576
17104238,CC(=O)N(C)c1ccc(NC(=O)Nc2cccc(Cl)c2)cc1,0.7575757575757576
17036045,CCOC(=O)C1=C(C)N=c2s/c(=C\c3cc(OC)ccc3OC)c(=O)n2C1c1ccc2c(c1)OCO2,0.7575757575757576
17129051,CCOC(=O)C1=C(c2ccccc2)N=c2s/c(=C\c3ccccc3OCC)c(=O)n2C1c1ccc(F)cc1,0.7571428571428571
16983228,CCOC(=O)C1=C(c2ccccc2)N=c2s/c(=C/c3cccs3)c(=O)n2C1c1ccccc1OC,0.7571428571428571
252455414,COc1ccc(NC(=O)c2ccncc2)cc1,0.7567567567567568
125269411,O=C(O)C1CCCCC1C(=O)NC1CCN(Cc2ccccc2)CC1,0.7567567567567568
17141466,O=C(Nc1ccc(Cl)cc1C(=O)NCCO)c1ccc(Cl)cc1Cl,0.7567567567567568
17141464,Cc1ccccc1NC(=O)c1cc(Cl)ccc1NC(=O)c1ccc(Cl)cc1Cl,0.7567567567567568
17110560,CCOC(=O)C1=C(c2ccccc2)N=c2s/c(=C\c3cccc(OC)c3OCC)c(=O)n2C1c1cccc(OC)c1,0.7567567567567568
17069025,O=C(c1sc2ccccc2c1Cl)N1CCSCC1,0.7567567567567568
17016954,CCOc1ccccc1C(=O)Nc1ccccc1,0.7567567567567568
16999188,O=C(Nc1nc2ccccc2s1)c1cccnc1,0.7567567567567568
17110564,CCOC(=O)C1=C(C)N=c2s/c(=C\c3ccccc3OCC)c(=O)n2C1c1ccccc1,0.7563025210084033
17009598,COC(=O)C1=C(C)N=c2s/c(=C/c3ccccc3OC)c(=O)n2C1c1ccc(OC)cc1,0.7563025210084033
99206636,O=C(Nc1cccc(NC(=O)c2ccco2)c1)c1cccc(NC(=O)c2ccco2)c1,0.7560975609756098
26513241,CC(O)CNCc1ccc(-c2ccc(F)c(Cl)c2)o1,0.7560975609756098
17133744,Cc1sc2ncnc(Sc3nc4ccccc4s3)c2c1C,0.7560975609756098
17024787,CCC(=O)NS(=O)(=O)c1ccc(NC(=O)c2ccco2)cc1,0.7560975609756098
17130696,CCCC1=C(C(=O)OCC)C(c2ccccc2OC)n2c(s/c(=C\c3cccc(OC)c3OC)c2=O)=N1,0.7559055118110236
17130271,CCOC(=O)C1=C(C)N=c2s/c(=C/c3ccc(F)cc3)c(=O)n2C1c1cccc(OC)c1OCC,0.7559055118110236
17129432,CCOC(=O)C1=C(C)N=c2s/c(=C/c3cc(C)n(C)c3C)c(=O)n2C1c1cccc(OC)c1,0.7559055118110236
17093111,CCOC(=O)C1=C(C)N=c2s/c(=C\c3c[nH]c4ccccc34)c(=O)n2C1c1ccccc1Cl,0.7559055118110236
17065147,CCOC(=O)C1=C(C)N=c2s/c(=C\c3ccc(O)c(OC)c3)c(=O)n2C1c1ccc(OC)cc1OC,0.7559055118110236
17023572,CCOC(=O)C1=C(C)N=c2s/c(=C\c3cccc(OC)c3)c(=O)n2C1c1ccc(N(C)C)cc1,0.7559055118110236
17003602,CCOC(=O)C1=C(C)N=c2s/c(=C/c3ccc4c(c3)OCO4)c(=O)n2C1c1ccc(Cl)cc1,0.7559055118110236
26700108,COc1ccc(C(=O)Nc2ccc(Cl)cc2C(=O)NCc2ccccc2)cc1,0.7555555555555555
17109559,N=c1n(CCN2CCCCC2)c2ccccc2n1CC(=O)c1cccs1,0.7555555555555555
17008918,CCOC(=O)C1=C(C)N=c2s/c(=C\c3cn(-c4ccccc4)nc3-c3ccc(C)cc3)c(=O)n2C1c1ccc(OC)cc1,0.7555555555555555
16998366,O=C(Nc1ccc2c3c(cccc13)CC2)c1ccc(-c2ccc(Cl)cc2Cl)o1,0.7555555555555555
195200102,COc1ccc(C(=O)Nc2cccc(-c3nc4ccccc4[nH]3)c2)c(OC)c1,0.7551020408163265
46499587,Cc1cc(Cl)ccc1NC(=O)CN1CCN(C(=O)c2ccco2)CC1,0.7551020408163265
16988572,Cc1ccc(Nc2nc(-c3ccc(S(=O)(=O)N4CCOCC4)cc3)cs2)cc1C,0.7551020408163265
134419937,O=C(Nc1cccc(Cl)c1)Nc1ncccn1,0.7540983606557377
124352170,NC(=O)c1cccc(NC(=O)Nc2cccc(Cl)c2)c1,0.7540983606557377
17047612,COC(=O)c1ccc(C2C3=C(O)CC(c4cccs4)CC3=Nc3ccccc3N2C(=O)C2CC2)cc1,0.7540983606557377
17034596,CCOC(=O)C1=C(C)N=c2s/c(=C\c3ccccc3)c(=O)n2C1c1ccc(OC)c(OC)c1,0.7540983606557377
17000915,O=C(c1ccc(Cl)cc1Cl)N1CCCC1,0.7540983606557377
17109887,CCOC(=O)C1=C(C)N=c2s/c(=C\c3ccc(N4CCCCC4)o3)c(=O)n2C1c1ccc(OC)cc1,0.7538461538461538
17093360,CCOC(=O)C1=C(C)N=c2s/c(=C\c3ccc4c(c3)OCCO4)c(=O)n2C1c1ccccc1OC,0.7538461538461538
17014827,CCOC(=O)C1=C(C)N=c2s/c(=C\c3ccc(-c4ccc(F)cc4)o3)c(=O)n2C1c1ccc(OC)cc1,0.7538461538461538
16981831,CCOC(=O)C1=C(C)N=c2s/c(=C\c3c(OCC)ccc4ccccc34)c(=O)n2C1c1ccc(OC)cc1,0.7538461538461538
17093652,CCOC(=O)C1=C(c2ccccc2)N=c2s/c(=C/c3cc(C)n(C)c3C)c(=O)n2C1c1ccccc1,0.7536231884057971
17068702,COc1ccc(CN2CCN(Cc3ccc(OC)cc3OC)CC2)cc1,0.7536231884057971
17008615,CCCCc1c(C)nc2ccc(Br)cc2c1Cl,0.7536231884057971
16991947,Cc1ccc(Nc2nc(-c3cccs3)cs2)cc1,0.7536231884057971
16983214,CCOC(=O)C1=C(c2ccccc2)N=c2s/c(=C/c3c[nH]c4ccccc34)c(=O)n2C1c1ccccc1OC,0.7534246575342466
49699938,CCOc1cc(C(=O)Nc2cc(C)on2)cc(OCC)c1OCC,0.7532467532467533
17113089,CCOc1cc(C(=O)NC(C)c2ccccc2)cc(OCC)c1OCC,0.7532467532467533
17067015,Cc1sc(NC(=O)c2ccc(C(C)(C)C)cc2)nc1-c1ccccc1,0.7532467532467533
16988819,Cc1ccc(C)c(-c2csc(Nc3cccc4ccccc34)n2)c1,0.7532467532467533
126921243,O=C(Nc1nc(-c2ccc(F)cc2F)cs1)c1ccccc1Br,0.7529411764705882
49843618,CCOc1ccc(OCc2cccc(C(=O)Nc3cc(C)on3)c2)cc1,0.7529411764705882
26700298,O=C(Nc1ccc(-c2nc3ccccc3[nH]2)cc1)c1ccccc1F,0.7529411764705882
24379802,Clc1cccc(-c2ccc(CNCC3CCNCC3)o2)c1,0.7529411764705882
17126993,NC(=O)c1ccccc1NC(=O)c1ccc(-c2cc(Cl)ccc2Cl)o1,0.7529411764705882
17074322,Cc1ccc(-c2csc(NC(=O)c3ccccc3Br)n2)c(C)c1,0.7529411764705882
17060377,CCOc1ccccc1NC(=O)c1ccco1,0.7529411764705882
17010620,O=C(Nc1ccc(NC(=O)c2ccc(-c3ccc(Cl)cc3)o2)cc1)c1ccc(Br)cc1,0.7529411764705882
17008282,Cc1ccc(-c2nc3ccccc3s2)cc1NC(=O)c1ccc(C(C)(C)C)cc1,0.7529411764705882
16971229,CCCc1ccc(OCC(O)CN2CCN(Cc3ccc4c(c3)OCO4)CC2)cc1,0.7529411764705882
16969819,CCOC(=O)c1cccc(Nc2cc(C)nc3ccc(C)cc23)c1,0.7529411764705882
16968490,CCOc1cc(C2C(C(=O)OC)=CN(C)C=C2C(=O)OC)ccc1O,0.7529411764705882
195200034,O=C(Nc1cc(-c2nc3ccccc3[nH]2)ccc1Cl)c1cccc(F)c1,0.7526881720430108
134420224,COc1ccc(Br)cc1C(=O)Nc1ccc(CN2CCOCC2)cc1,0.7526881720430108
16968943,CCOC(=O)c1c(C)n(-c2ccccc2)c2ccc(O)cc12,0.7526881720430108
17033898,CCOC(=O)c1c(NC(=O)c2ccccc2)sc2c(OC)c(Br)ccc12,0.7524752475247525
16961953,CCOC(=O)c1cnc2ccc(OC)cc2c1Nc1ccc(Cl)cc1C,0.7524752475247525
17110310,CCOc1ccc(NC(=O)CSc2nc3ccc(NC(=O)c4ccccc4)cc3s2)cc1,0.7522935779816514
17071202,O=C(c1cc2n(n1)C(C(F)(F)F)CC(c1ccc(Br)cc1)N2)N1CCCCCC1,0.7522935779816514
17070692,O=C(c1cc2n(n1)C(C(F)(F)F)CC(c1ccc(Br)cc1)N2)N1CCCCC1,0.7522935779816514
17086962,O=C(NCc1ccc(Cl)cc1)c1cc2nc(-c3ccc(Cl)s3)cc(C(F)(F)F)n2n1,0.7521367521367521
17121363,CCOC(=O)C1=C(C)N=c2s/c(=C\C=C\c3ccc(Br)cc3)c(=O)n2C1c1ccc(OC)cc1,0.752
17110492,CCOC(=O)C1=C(C)N=c2s/c(=C/c3ccc(N(CC)CC)o3)c(=O)n2C1c1ccc(Cl)cc1,0.752
17093641,CCOC(=O)C1=C(C)N=c2s/c(=C/c3cc(C)n(C)c3C)c(=O)n2C1c1ccc(C(C)C)cc1,0.752
17035210,CCOC(=O)C1=C(C)N=c2s/c(=C/c3ccc(OCC(=O)OC)cc3)c(=O)n2C1c1ccc(C)cc1,0.752
17008983,CCOC(=O)C1=C(C)N=c2s/c(=C/c3c(Cl)cccc3Cl)c(=O)n2C1c1ccc(OC)c(OC)c1,0.752
16991478,CCOC(=O)C1=C(C)N=c2s/c(=C/c3ccc(O)cc3)c(=O)n2C1c1cc(OC)ccc1OC,0.752
17023567,CCOC(=O)C1=C(C)N=c2s/c(=C\c3ccc(OCc4ccccc4)c(OC)c3)c(=O)n2C1c1ccc(OC)cc1,0.7518796992481203
254527831,CN1CCN(C(=O)c2ccc(Cl)cc2Cl)CC1,0.75
251914100,COc1ccccc1C(=O)Nc1cccc(-c2nc3ccccc3[nH]2)c1,0.75
164336167,CCOC(=O)C1=C(C)N=c2s/c(=C\c3ccncc3)c(=O)n2C1c1c(OC)ccc2ccccc12,0.75
163628051,CCOC(=O)c1cnc2ccc(C(=O)OC)cc2c1NCCO,0.75
162163692,O=C(Nc1cccc(C(F)(F)F)c1)c1ccccc1C(F)(F)F,0.75
126921451,CCCc1nnc2sc(C(CC)c3ccccc3)nn12,0.75
125164733,O=C(Nc1cccnc1)c1ccc(Cl)cc1Cl,0.75
118051060,CCOc1cccc(C(=O)Nc2ccc(Nc3ccccc3)cc2)c1,0.75
49845426,COc1ccc(C(=O)Nc2cc(-c3nc4ccccc4[nH]3)ccc2Cl)cc1OC,0.75
26700069,COc1ccc(C(=O)Nc2ccc(Cl)cc2C(=O)N2CCCC2)cc1,0.75
26512943,OC(CNCc1cccc(Cl)c1)c1ccccc1,0.75
24844291,Cc1ccccc1C(=O)Nc1nc2ccccc2s1,0.75
24711784,CCOc1c(Cl)cc(CNCc2ccc(C(=O)O)cc2)cc1OC,0.75
17145960,COC(=O)c1ccc(C(=O)OC)c(NC(=O)c2ccc(-c3ccc(Cl)cc3Cl)o2)c1,0.75
17142052,Cc1ccc(Nc2nc(-c3ccc4ccccc4c3)cs2)cc1,0.75
17139094,O=C(Nc1cccc(Cl)c1)c1ccc(Br)cc1Br,0.75
17129433,CCOC(=O)C1=C(C)N=c2s/c(=C/c3cc(C)n(C)c3C)c(=O)n2C1c1cc(OC)ccc1OC,0.75
17126330,CCOC(=O)C1=C(C)N=c2s/c(=C\c3ccc(O)c(OC)c3)c(=O)n2C1c1ccc(OC)c(OCC)c1,0.75
17126317,CCOC(=O)C1=C(C)N=c2s/c(=C\c3ccc(O)c(OCC)c3)c(=O)n2C1c1ccc(OC)c(OCC)c1,0.75
17124877,CCOC(=O)C1=C(C)N=c2s/c(=C\c3cc4c(cc3C)OCO4)c(=O)n2C1c1c(OC)ccc2ccccc12,0.75
17110491,CCOC(=O)C1=C(C)N=c2s/c(=C/c3ccc(N(CC)CC)o3)c(=O)n2C1c1ccccc1OC,0.75
17110424,CCOC(=O)C1=C(C)N=c2s/c(=C\c3ccc(OC)c(OC)c3)c(=O)n2C1c1ccc(OC(C)C)cc1,0.75
17109254,CCOc1c(Cl)cc(CNCc2ccccn2)cc1OC,0.75
17098600,Cc1ccc(C(=O)Nc2ccc(S(=O)(=O)N3CCCC3)cc2)cc1,0.75
17070978,CC1CCN(C(=O)c2cc3n(n2)C(C(F)(F)F)CC(c2ccc(Br)cc2)N3)CC1,0.75
17068723,COc1cccc(CN2CCN(Cc3ccc(OC)cc3OC)CC2)c1,0.75
17053158,O=C(Nc1ccc(NC(=O)c2cccs2)cc1)c1ccccc1,0.75
17052178,O=C(Nc1ccc(-c2nc3ccccc3o2)cc1)c1ccc(Cl)c(Cl)c1,0.75
17045879,CC(C)(C)CC(=O)Nc1nc2ccccc2s1,0.75
17042378,Clc1cccc(Nc2ccnc3cc(Cl)ccc23)c1,0.75
17039416,CCOc1cc(CNc2ccccc2)cc(Cl)c1OCC,0.75
17036070,CCOC(=O)C1=C(C)N=c2s/c(=C\c3ccc(O)c(OCC)c3)c(=O)n2C1c1ccc(OC)c(OC)c1,0.75
17019830,O=C(Nc1ccc(Oc2ccc(NC(=O)c3cccs3)cc2)cc1)c1cccs1,0.75
17004530,COC(=O)C1=C(C)N=c2s/c(=C\c3ccccc3F)c(=O)n2C1c1ccc(OC)cc1,0.75
16990860,CCOC(=O)C1=C(C)N=c2s/c(=C/c3cc(OC)c(OC)cc3Br)c(=O)n2C1c1ccc(N(C)C)cc1,0.75
16983900,CCOC(=O)C1=C(C)N=c2s/c(=C\c3ccc(OC)c(O)c3)c(=O)n2C1c1cccc(OC)c1,0.75
16983230,CCOC(=O)C1=C(C)N=c2s/c(=C/c3cccc(O)c3)c(=O)n2C1c1cc(Br)c(OC)cc1OC,0.75
16982590,CCOC(=O)C1=C(C)N=c2s/c(=C/c3cccs3)c(=O)n2C1c1c(OC)ccc2ccccc12,0.75
16973037,COc1ccc(CN2CCN(c3cc(C)c(C#N)c4nc5ccccc5n34)CC2)cc1,0.75
16971227,CCCc1ccc(OCC(O)CN2CCN(C(=O)OCC)CC2)cc1,0.75
16961951,CCOC(=O)c1cnc2ccc(OC)cc2c1Nc1cccc(C(F)(F)F)c1,0.75
17128958,CCOC(=O)C1=C(C)N=c2s/c(=C/c3ccc(N4CCOCC4)o3)c(=O)n2C1c1ccc(OC)cc1,0.7480916030534351
17119214,CCOC(=O)C1=C(C)N=c2s/c(=C/c3ccc(N4CCN(C)CC4)o3)c(=O)n2C1c1ccc(OC)cc1,0.7480916030534351
17110516,CCOC(=O)C1=C(C)N=c2s/c(=C\c3cccc(OCC(=O)O)c3)c(=O)n2C1c1ccccc1OC,0.7480916030534351
17109886,CCOC(=O)C1=C(C)N=c2s/c(=C\c3ccc(-c4ccc(C(=O)OC)cc4)o3)c(=O)n2C1c1ccc(OC)cc1,0.7480916030534351
16983360,CCOC(=O)C1=C(C)N=c2s/c(=C/c3ccc(-c4ccc(C(C)=O)cc4)o3)c(=O)n2C1c1ccc(OC)cc1,0.7480916030534351
17110418,CCOC(=O)C1=C(C)N=c2s/c(=C\c3ccc(O)cc3)c(=O)n2C1c1ccc(OC(C)C)cc1,0.7479674796747967
17083420,CCOC(=O)C1=C(C)N=c2s/c(=C/c3cn(CC)nc3C)c(=O)n2C1c1ccc(O)cc1,0.7479674796747967
17083416,CCOC(=O)C1=C(C)N=c2s/c(=C/c3cnn(CC)c3C)c(=O)n2C1c1ccc(O)cc1,0.7479674796747967
17068152,CCOC(=O)C1=C(C)N=c2s/c(=C/c3ccc(OC(C)C)cc3)c(=O)n2C1c1ccc(O)cc1,0.7479674796747967
17034662,CCOC(=O)C1=C(C)N=c2s/c(=C\c3ccc(O)c(Br)c3)c(=O)n2C1c1ccccc1,0.7479674796747967
17064554,CCOC(=O)C1=C(C)N=c2s/c(=C\c3ccc(F)cc3)c(=O)n2C1c1ccc(F)cc1,0.7478260869565218
50096281,O=C(Cn1cnc2ccccc2c1=O)Nc1cc(C(F)(F)F)ccc1Cl,0.7476635514018691
17149843,COc1ccc(C(=O)Nc2ccc3nc(SCC(=O)c4ccccc4)sc3c2)cc1,0.7476635514018691
163628059,CCOC(=O)c1cnc2ccc(Cl)cc2c1Nc1cccc(O)c1,0.7474747474747475
144087718,CCOC(=O)c1cnc2ccc(C)cc2c1Nc1ccc(C)cc1,0.7474747474747475
49844200,O=C(Nc1ccccc1C(=O)NCCN1CCOCC1)c1ccc(-c2ccc(Br)cc2)o1,0.7474747474747475
16955161,O=C(CSc1ncccn1)Nc1cc(C(F)(F)F)ccc1Cl,0.7474747474747475
175616486,CCN(Cc1ccccc1)C1CCN(Cc2cc(OC)c(O)c(OC)c2)CC1,0.7472527472527473
175614195,COc1ccc(OC)c(C2C3=C(CC(C)(C)CC3=O)NC3=C2C(=O)CC(C)(C)C3)c1,0.7472527472527473
17148659,O=C(Nc1ccc(CN2CCOCC2)cc1)c1cc2ccccc2o1,0.7472527472527473
17033076,COc1ccc2nc(C)cc(Nc3ccc(Oc4ccc5ccccc5c4Cl)c(Cl)c3)c2c1,0.7472527472527473
164169503,COc1cc(C(=O)OCCn2c(C)nc3ccccc3c2=O)cc(OC)c1OC,0.7469879518072289
164169501,COc1ccc(C(=O)OCCn2c(C)nc3ccccc3c2=O)cc1OC,0.7469879518072289
49700306,O=C(Nc1ccc(S(=O)(=O)N2CCCCC2)cc1)c1ccc(Br)o1,0.7469879518072289
49699917,COc1cccc(C2Sc3ccccc3NC3=C2C(=O)c2ccccc23)c1OC,0.7469879518072289
24379599,CCOc1c(Cl)cc(CNCc2ccc(C)cc2)cc1OC,0.7469879518072289
17137930,COc1ccc(NC(=O)c2cccc(Cl)c2)cc1OC,0.7469879518072289
17115201,CCCC(=O)Nc1nnc(Cc2ccc(OC)cc2)s1,0.7469879518072289
17100745,O=C(Nc1ccc(S(=O)(=O)N2CCCCCC2)cc1)c1ccc(Br)o1,0.7469879518072289
17096530,COc1cccc(C(=O)NC(C)c2ccc(Br)cc2)c1,0.7469879518072289
17095672,COc1ccc(NC(=O)c2ccc(-c3ccc(Br)cc3)o2)cc1,0.7469879518072289
16968752,COc1ccc(C(=O)Nc2ccccc2C(=O)Nc2nc3ccccc3s2)cc1,0.7469879518072289
250162266,Cc1ccc(NC(=O)Nc2cccc(Cl)c2)cc1NC(=O)C1CC1,0.7466666666666667
136958902,CC(C)(C)c1ccc(S(=O)(=O)Nc2nc3ccccc3s2)cc1,0.7466666666666667
17067660,O=C(Cc1ccc(Cl)cc1)NC(c1ccccc1)c1ccccc1,0.7466666666666667
17047834,CCCN(CCC)S(=O)(=O)c1ccc(NC(=O)c2cccs2)cc1,0.7466666666666667
17023125,O=C(Nc1nc2ccccc2s1)c1cccc(Br)c1,0.7466666666666667
17022019,Cc1ccc(Nc2nc(-c3ccc(Cl)c(Cl)c3)cs2)cc1C,0.7466666666666667
17008459,O=C(Nc1nc2ccccc2s1)c1cccc(F)c1,0.7466666666666667
250162296,CNC(=O)Cc1ccc(NC(=O)Nc2cccc(Cl)c2)cc1,0.746268656716418
163627167,CCN1CCN(Cc2c(C)nc3ccccc3c2O)CC1,0.746268656716418
118051626,CC(C)(C)NC(=O)c1ccc(NC(=O)Nc2cccc(Cl)c2)cc1,0.746268656716418
17126310,CCOC(=O)C1=C(C)N=c2s/c(=C\c3c[nH]c4ccccc34)c(=O)n2C1c1ccc(OC)c(OCC)c1,0.746268656716418
17104236,O=C(Nc1ccc(S(=O)(=O)Nc2ccccc2)cc1)Nc1cccc(Cl)c1,0.746268656716418
17104232,CN(C)S(=O)(=O)c1ccc(NC(=O)Nc2cccc(Cl)c2)cc1,0.746268656716418
17099017,Cc1ccc(NC(=O)c2ccc(Cl)cc2)cc1F,0.746268656716418
17094782,CCOC(=O)C1=C(C)N=c2s/c(=C\c3ccc(-c4cccc(Br)c4)o3)c(=O)n2C1c1ccc(OC)cc1,0.746268656716418
17094776,CCOC(=O)C1=C(C)N=c2s/c(=C\c3cccc(OCc4ccc(F)cc4)c3)c(=O)n2C1c1ccc(OC)cc1,0.746268656716418
17068884,COc1ccc(CN2CCN(Cc3cccc(OC)c3)CC2)cc1,0.746268656716418
17054353,Cc1ccc(C(=O)Nc2ccc(NC(=O)c3cccs3)cc2)cc1,0.746268656716418
17002953,CCOC(=O)C1=C(C)N=c2s/c(=C\c3ccc(OCc4ccccc4)c(OCC)c3)c(=O)n2C1c1ccc(OC)cc1,0.746268656716418
16977108,Cn1c(Nc2cccc(C(F)(F)F)c2)nc2ccccc21,0.746268656716418
17129484,CCOC(=O)C1=C(C)N=c2s/c(=C/c3cc(C)n(C)c3C)c(=O)n2C1c1ccc(OC)c(OC)c1,0.746031746031746
17110419,CCOC(=O)C1=C(C)N=c2s/c(=C\c3cccc(O)c3)c(=O)n2C1c1ccc(OC(C)C)cc1,0.746031746031746
17034602,CCOC(=O)C1=C(C)N=c2s/c(=C\c3cccc(OC)c3)c(=O)n2C1c1ccc(OC)c(OC)c1,0.746031746031746
17004529,CCOC(=O)C1=C(C)N=c2s/c(=C\c3ccc(Cl)cc3Cl)c(=O)n2C1c1ccccc1F,0.746031746031746
16982894,CCOC(=O)C1=C(C)N=c2s/c(=C/c3cc(Br)ccc3O)c(=O)n2C1c1cccs1,0.746031746031746
24429654,Cn1c(NC(=O)Nc2ccc(Cl)c(Cl)c2)cc(=O)n(C)c1=O,0.7457627118644068
17069360,O=C(Nc1ccc(F)c(Cl)c1)C1CC1,0.7457627118644068
17006498,O=C(Nc1ccc(F)c(Cl)c1)c1ccccc1,0.7457627118644068
16982440,COc1ccc(C2C(C(C)=O)=C(C)N=c3s/c(=C/c4ccc(OC)cc4OC)c(=O)n32)cc1,0.7457627118644068
17069431,O=C(c1cc2n(n1)C(C(F)(F)F)CC(c1ccc(F)cc1)N2)N1CCOCC1,0.7454545454545455
17113509,CCCC(=O)Nc1ccc(Cl)c(Cl)c1,0.7450980392156863
17112205,O=C(Nc1ccc(Cl)c(Cl)c1)c1ccccc1Cl,0.7450980392156863
17096076,COC(=O)c1cccc(Oc2nc3c(c(=O)n(C)c(=O)n3C)n2Cc2ccc(C)cc2)c1,0.7450980392156863
17110238,Cc1ccc(Cn2c(Oc3ccc(F)cc3)nc3c2c(=O)n(C)c(=O)n3C)cc1,0.7446808510638298
16973039,Cc1cc(NC2CCCC2)n2c(nc3ccccc32)c1C#N,0.7446808510638298
16961797,CCOC(=O)c1cnc2c(C)cc(Cl)cc2c1Nc1ccccc1,0.7446808510638298
49844924,CCCC(=O)Nc1ccc(NC(=O)c2ccc(-c3ccc(Br)cc3)o2)cc1,0.7441860465116279
17126861,CCOC(=O)C1=C(c2ccccc2)N=c2s/c(=C/c3ccccc3O)c(=O)n2C1c1cccc(OC)c1,0.7441860465116279
17109961,CCOC(=O)C1=C(C)N=c2s/c(=C\c3c(OC)ccc4ccccc34)c(=O)n2C1c1ccc(Br)cc1,0.7441860465116279
17109955,CCOC(=O)C1=C(C)N=c2s/c(=C\c3cc4c(cc3Cl)OCO4)c(=O)n2C1c1ccc(Br)cc1,0.7441860465116279
17109234,O=C(Nc1cc(Cl)ccc1N1CCOCC1)c1ccc(Br)o1,0.7441860465116279
17052004,CC(C)(C)c1ccc(C(=O)Nc2cc(-c3nc4ccccc4s3)ccc2Cl)cc1,0.7441860465116279
17010034,O=C1c2ccccc2C2=Nc3ccccc3SC(c3cccc(Cl)c3Cl)C12,0.7441860465116279
16982578,CCOC(=O)C1=C(C)N=c2s/c(=C\c3c(OC)ccc4ccccc34)c(=O)n2C1c1cccs1,0.7441860465116279
16982569,CCOC(=O)C1=C(C)N=c2s/c(=C/c3ccc(F)cc3)c(=O)n2C1c1c(OC)ccc2ccccc12,0.7441860465116279
16981848,CCOC(=O)C1=C(C)N=c2s/c(=C/c3cc(Br)ccc3OC)c(=O)n2C1c1ccc(N(C)C)cc1,0.7441860465116279
49842996,COC(=O)C1=C(C)N=c2s/c(=C/c3cnn(C)c3C)c(=O)n2C1c1ccc(OC)cc1,0.743801652892562
49842993,COC(=O)C1=C(C)N=c2s/c(=C/c3cn(C)nc3C)c(=O)n2C1c1ccc(OC)cc1,0.743801652892562
17093636,CCOC(=O)C1=C(C)N=c2s/c(=C/c3cc(C)n(C)c3C)c(=O)n2C1c1ccccc1,0.743801652892562
17093106,CCOC(=O)C1=C(C)N=c2s/c(=C\c3ccc(O)cc3)c(=O)n2C1c1ccccc1Cl,0.743801652892562
134221063,COc1cccc(C(=O)Nc2ccccc2)c1,0.7435897435897436
126921365,CC(C)(C)NCc1ccc(-c2ccc(F)c(Cl)c2)o1,0.7435897435897436
17112196,Cc1ccc(Cl)cc1NC(=O)c1ccccc1F,0.7435897435897436
17032229,COc1cc(C(=O)Nc2ccccc2)cc(OC)c1OC,0.7435897435897436
16988824,COc1ccccc1Nc1nc(-c2cc(C)ccc2C)cs1,0.7435897435897436
16973122,COc1cccc(OCC(O)CN2CCN(Cc3ccccc3)CC2)c1,0.7435897435897436
16969004,CCN(CC)CCOC(=O)c1ccc(NC(=O)c2cccs2)cc1,0.7435897435897436
16954288,COc1cccc(C(=O)Nc2nc3ccccc3s2)c1,0.7435897435897436
342614222,OC(CNCc1ccc(OCc2ccc(Cl)cc2)cc1)c1ccccc1,0.7428571428571429
250162321,CNC(=O)Cc1ccc(NC(=O)c2cccs2)cc1,0.7428571428571429
92090686,O=C(Nc1cccc(C(F)(F)F)c1)c1cccc(C(=O)Nc2cccc(C(F)(F)F)c2)n1,0.7428571428571429
57309445,CCOc1ccc(CNCC(O)c2ccccc2)cc1Br,0.7428571428571429
17146862,CCOC(=O)c1cnc2ccc(Br)cc2c1Nc1ccc(OCC)cc1,0.7428571428571429
17141576,COc1cc(OC)c(C(=O)Nc2ccccc2)cc1OC,0.7428571428571429
17115090,O=C(Nc1cccc2ccccc12)c1ccc(Oc2ccccc2)cc1,0.7428571428571429
17099015,Cc1ccc(NC(=O)c2ccc(Cl)cc2Cl)cc1F,0.7428571428571429
17042101,O=C(Nc1ccc(F)cc1)c1cc(Cl)ccc1O,0.7428571428571429
16988368,Cc1ccc(C(=O)Nc2ccc3nc(SCC(=O)Nc4ccccc4)sc3c2)cc1,0.7428571428571429
17124876,CCOC(=O)C1=C(C)N=c2s/c(=C\c3cc4c(cc3C)OCO4)c(=O)n2C1c1cc(OC)ccc1OC,0.7424242424242424
17124875,CCOC(=O)C1=C(C)N=c2s/c(=C\c3cc4c(cc3C)OCO4)c(=O)n2C1c1ccc(OC)cc1OC,0.7424242424242424
16982923,CCOC(=O)C1=C(C)N=c2s/c(=C/c3cccc(Br)c3)c(=O)n2C1c1c(OC)ccc2ccccc12,0.7424242424242424
242040879,O=C(O)CCOc1ccc(Cl)cc1Cl,0.7419354838709677
124352546,CCC(=O)Nc1cccc(NC(=O)Nc2cccc(Cl)c2)c1,0.7419354838709677
124352529,CC(C)C(=O)Nc1cccc(NC(=O)Nc2cccc(Cl)c2)c1,0.7419354838709677
24379254,OC(CNCc1cccc(Br)c1)c1ccccc1,0.7419354838709677
17129438,CCOC(=O)C1=C(C)N=c2s/c(=C/c3cc(OC)c(OC)cc3OC)c(=O)n2C1c1cccs1,0.7419354838709677
17087516,O=C(c1ccc(Cl)cc1Cl)N1CCCN(C(=O)c2ccc(Cl)cc2Cl)CC1,0.7419354838709677
17064756,CCOC(=O)C1=C(C)N=c2s/c(=C\c3ccc(OC(F)F)cc3)c(=O)n2C1c1ccc(O)cc1,0.7419354838709677
164168794,CC(C)(C)NCC(O)COc1ccccc1C(=O)CCc1ccccc1,0.7415730337078652
162163659,CCC(c1ccccc1)c1nn2c(-c3cncc(Br)c3)nnc2s1,0.7415730337078652
126921771,COc1ccc(C(=O)Nc2ccc(Cl)cc2C(=O)N2CCCCCC2)cc1,0.7415730337078652
17124470,Cc1ccc2[nH]c(-c3ccc(NC(=O)Cc4ccc(Cl)cc4)cc3)nc2c1,0.7415730337078652
16970763,CCOC(=O)c1cnc2ccccc2c1Nc1ccc(C)cc1,0.7415730337078652
17007385,COC(=O)C1=C(C)N=c2s/c(=C\c3ccccc3)c(=O)n2C1c1ccc(OC)cc1,0.7413793103448276
17007345,CCOC(=O)C1=C(C)N=c2s/c(=C/c3ccccc3)c(=O)n2C1c1ccc(C)cc1,0.7413793103448276
17007336,COC(=O)C1=C(C)N=c2s/c(=C\c3ccc(C)cc3)c(=O)n2C1c1ccc(OC)cc1,0.7413793103448276
383535780,Oc1ccc2[nH]c(-c3ccccc3)nc2c1,0.7407407407407407
251912657,Cc1ccc2nc(-c3ccccc3)[nH]c2c1,0.7407407407407407
172543099,Fc1ccc(-c2ccc(CNCc3ccco3)o2)cc1Cl,0.7407407407407407
164169500,Cc1ccc(C(=O)OCCn2c(C)nc3ccccc3c2=O)cn1,0.7407407407407407
164169498,Cc1nc2ccccc2c(=O)n1CCOC(=O)c1cccnc1,0.7407407407407407
124352572,O=C(Nc1ccc(C(=O)N2CCCCCC2)cc1)c1ccc(Br)o1,0.7407407407407407
118052292,CCCN(CCC)C(=O)c1ccc(NC(=O)c2ccco2)cc1,0.7407407407407407
24430638,Brc1ccc(Nc2ncnc3ccccc23)cc1,0.7407407407407407
17138671,COc1ccc(NC(=O)c2cccc(C)c2)cc1OC,0.7407407407407407
17110510,CCOC(=O)C1=C(C)N=c2s/c(=C\c3ccc(-c4ccc(C(=O)O)cc4C)o3)c(=O)n2C1c1ccc(OC)cc1,0.7407407407407407
17106653,CC(C)c1ccc(C(=O)Nc2ccc(NC(=O)c3cccs3)cc2)cc1,0.7407407407407407
17096485,CCOc1ccc(C(C)NC(=O)c2ccccc2Cl)cc1OCC,0.7407407407407407
17086829,Cc1ccc(-c2nc(NC(=O)c3cccc(COc4ccc(Br)cc4)c3)sc2C)cc1,0.7407407407407407
17085273,CCOC(=O)C1=C(C)N=c2s/c(=C/c3ccc(OC)c(COc4ccccc4C)c3)c(=O)n2C1c1ccc(OC)cc1,0.7407407407407407
17014949,CCOC(=O)C1=C(C)N=c2s/c(=C\c3ccc(-c4cccc(Cl)c4)o3)c(=O)n2C1c1cccc(OC)c1,0.7407407407407407
17129491,CCOC(=O)C1=C(C)N=c2s/c(=C/c3ccc(OC)c(OC)c3OC)c(=O)n2C1c1ccc(N(C)C)cc1,0.7401574803149606
17126297,CCOC(=O)C1=C(C)N=c2s/c(=C\c3ccc(OC)c(O)c3)c(=O)n2C1c1ccc(OC)c(OCC)c1,0.7401574803149606
17126035,CCOC(=O)C1=C(C)N=c2s/c(=C\c3cc(Br)cc(Cl)c3O)c(=O)n2C1c1ccccc1Cl,0.7401574803149606
17011903,CCOC(=O)C1=C(C)N=c2s/c(=C\Cc3cc(Cl)ccc3O)c(=O)n2C1c1ccccc1Cl,0.7401574803149606
17007333,CCOC(=O)C1=C(C)N=c2s/c(=C\c3ccc(OC)cc3OC)c(=O)n2C1c1cccs1,0.7401574803149606
16984273,CCOC(=O)C1=C(C)N=c2s/c(=C/c3cnn(C)c3C)c(=O)n2C1c1ccc(OC)c(OC)c1,0.7401574803149606
16982932,CCOC(=O)C1=C(C)N=c2s/c(=C/c3cc(Cl)cc(Cl)c3O)c(=O)n2C1c1cccs1,0.7401574803149606
16982927,CCOC(=O)C1=C(C)N=c2s/c(=C\c3cccc(Br)c3)c(=O)n2C1c1cc(OC)c(OC)cc1Br,0.7401574803149606
321904723,O=C(NCCc1ccccc1)c1cccs1,0.7397260273972602
250162319,CN(C)C(=O)CCc1ccc(NC(=O)c2cccs2)cc1,0.7397260273972602
170364560,CCC(C)NC(=O)c1ccc(NC(=O)c2cccs2)cc1,0.7397260273972602
17139733,Cc1cc(NC(=O)c2ccccc2C(=O)c2ccc(Cl)cc2)no1,0.7397260273972602
17138911,CCc1ccc(NC(=O)c2ccco2)cc1,0.7397260273972602
17110559,CCOC(=O)C1=C(c2ccccc2)N=c2s/c(=C\c3cccc(OC)c3O)c(=O)n2C1c1cccc(OC)c1,0.7397260273972602
17097313,CCCOC(=O)c1ccc(NC(=O)c2cccs2)cc1,0.7397260273972602
17068578,COc1ccc(CN2CCN(Cc3ccc(F)cc3)CC2)c(OC)c1,0.7397260273972602
17048287,Fc1ccccc1-c1nc(Nc2cccc(C(F)(F)F)c2)c2ccccc2n1,0.7397260273972602
17021577,COc1cc2c(cc1OC)C(c1ccccc1)=NC(C)(C)C2,0.7397260273972602
17124604,CCOC(=O)C1=C(C)N=c2s/c(=C\c3ccc(O)cc3)c(=O)n2C1c1ccc(F)cc1,0.7394957983193278
17109953,CCOC(=O)C1=C(C)N=c2s/c(=C\c3ccc(O)cc3)c(=O)n2C1c1ccc(Br)cc1,0.7394957983193278
17087086,O=C(c1cc2nc(-c3ccc(Cl)s3)cc(C(F)(F)F)n2n1)N1CCN(c2ccccc2)CC1,0.7394957983193278
17070777,Cc1ccc(C2CC(C(F)(F)F)n3nc(C(=O)Nc4cccc(C(C)O)c4)cc3N2)cc1,0.7394957983193278
17130693,CCCOc1c(OC)cccc1C1C(C(=O)OCC)=C(c2ccccc2)N=c2s/c(=C/c3ccc4c(c3)OCO4)c(=O)n21,0.7388535031847133
16964200,O=C(c1cc2n(n1)C(C(F)(F)F)CC(c1ccc(Br)cc1)N2)N1CCOCC1,0.7387387387387387
164168763,CSc1ncc(CNCC(O)c2ccccc2)cn1,0.7384615384615385
26512961,COc1cccc(CNCC(O)c2ccccc2)c1,0.7384615384615385
17130688,CCCOc1ccccc1C1C(C(=O)OCC)=C(C)N=c2s/c(=C/c3ccc(C)c(OC)c3)c(=O)n21,0.7384615384615385
17099224,NC(=O)c1ccc(NC(=O)c2cccs2)cc1,0.7384615384615385
17097337,O=C(Nc1cc(Cl)cc(Cl)c1)c1ccc(Cl)cc1Cl,0.7384615384615385
17093448,CCOC(=O)C1=C(C)N=c2s/c(=C\c3c(OC)ccc4ccccc34)c(=O)n2C1c1ccc(OCC)cc1,0.7384615384615385
17076475,Fc1cccc(CN2CCN(Cc3ccccc3)CC2)c1,0.7384615384615385
17067575,Cc1cc(NC(=O)c2cccc(C(=O)Nc3cc(C)on3)n2)no1,0.7384615384615385
17054352,O=C(Nc1ccccc1)c1ccc(NC(=O)c2cccs2)cc1,0.7384615384615385
17012025,CC1CC(C)CN(C(=O)c2ccc(Cl)c(Cl)c2)C1,0.7384615384615385
16983282,CCOC(=O)C1=C(C)N=c2s/c(=C/c3ccc(O)c(OCC)c3)c(=O)n2C1c1ccc(OC)cc1OC,0.7384615384615385
16982973,CCOC(=O)C1=C(C)N=c2s/c(=C/c3ccc4c(c3)OCO4)c(=O)n2C1c1cccc2ccccc12,0.7384615384615385
17110015,CCOC(=O)C1=C(c2ccccc2)N=c2s/c(=C\c3cc(Br)c(O)c(OC)c3)c(=O)n2C1c1ccc(F)cc1,0.738255033557047
17133745,Cc1sc2ncnc(Sc3c[nH]c4ccccc34)c2c1C,0.7380952380952381
172543050,CCOc1c(Cl)cc(CNCc2ccc(F)cc2)cc1OC,0.7380952380952381
26700446,CC(C)C(=O)Nc1ccc(NC(=O)c2ccc(-c3ccc(Cl)cc3Cl)o2)cc1,0.7380952380952381
24379799,Fc1ccccc1-c1ccc(CNCC2CCNCC2)o1,0.7380952380952381
17148660,O=C(Nc1ccc(CN2CCOCC2)cc1)c1ccco1,0.7380952380952381
17141453,COc1ccc(NC(=O)c2cc(Cl)cc(Cl)c2NC(=O)c2ccc(OC)cc2)cc1,0.7380952380952381
17108862,CCOc1c(Cl)cc(CNCc2ccncc2)cc1OC,0.7380952380952381
17046008,COc1ccc(OC)c(C2Sc3ccccc3NC3=C2C(=O)c2ccccc23)c1,0.7380952380952381
16961868,CCOC(=O)c1cnc2c(C)cc(Cl)cc2c1Nc1cccc(C(=O)OC)c1,0.7378640776699029
17110000,CCOC(=O)C1=C(C)N=c2s/c(=C\c3ccccc3OCC)c(=O)n2C1c1ccc(F)cc1,0.7377049180327869
17034604,CCOC(=O)C1=C(C)N=c2s/c(=C\c3ccc(C)cc3)c(=O)n2C1c1ccc(OC)c(OC)c1,0.7377049180327869
17026583,COC(=O)C1=C(C)N=c2s/c(=C\c3cccc(OC)c3OC)c(=O)n2C1c1ccc(OC)cc1,0.7377049180327869
17008961,COC(=O)C1=C(C)N=c2s/c(=C\c3cccc4ccccc34)c(=O)n2C1c1ccccc1Cl,0.7377049180327869
195197382,O=C(Nc1ccc(NC(=O)c2ccc(Cl)cc2Cl)cc1)c1cccnc1,0.7368421052631579
164169557,CCCC(=O)Nc1ccc(NC(=O)c2ccco2)cc1,0.7368421052631579
49841401,COc1cc(C(=O)Nc2nc3c(C)cc(C)cc3s2)cc(OC)c1OC,0.7368421052631579
24379316,COc1cc(CNCC(O)c2ccccc2)cc(Br)c1OCC(N)=O,0.7368421052631579
17152986,CC(C)(C)c1ccc(CN2CCN(c3ccnc4cc(Cl)ccc34)CC2)cc1,0.7368421052631579
17069577,COc1ccc(N2C3=C(C(=O)CC(C)(C)C3)C(c3ccc(Cl)cc3)C3=C2CC(C)(C)CC3=O)cc1,0.7368421052631579
17068791,COc1ccc(CN2CCN(Cc3cccc(F)c3)CC2)c(OC)c1,0.7368421052631579
17042344,O=C(NCc1ccncc1)Nc1ccc(Cl)c(Cl)c1,0.7368421052631579
17000752,CC(C)(C)c1ccc(C(=O)Nc2nc(-c3ccccc3)cs2)cc1,0.7368421052631579
17129074,CCOC(=O)COc1ccccc1/C=c1\sc2n(c1=O)C(c1ccc(F)cc1)C(C(=O)OCC)=C(c1ccccc1)N=2,0.7361111111111112
17126864,CCOC(=O)C1=C(c2ccccc2)N=c2s/c(=C\c3cc(OC)ccc3OC)c(=O)n2C1c1cccc(OC)c1,0.7361111111111112
17126863,CCOC(=O)C1=C(c2ccccc2)N=c2s/c(=C\c3ccc(OC)cc3OC)c(=O)n2C1c1cccc(OC)c1,0.7361111111111112
17126301,CCOC(=O)C1=C(C)N=c2s/c(=C\c3ccccc3)c(=O)n2C1c1ccc(OC)c(OCC)c1,0.736
17124607,CCOC(=O)C1=C(C)N=c2s/c(=C/c3cccc(F)c3)c(=O)n2C1c1cccc(OC)c1,0.736
17093644,CCOC(=O)C1=C(C)N=c2s/c(=C/c3cc(C)n(C)c3C)c(=O)n2C1c1ccc(SC)cc1,0.736
17093567,CCOC(=O)C1=C(C)N=c2s/c(=C\c3sccc3C)c(=O)n2C1c1ccc(OC(C)C)cc1,0.736
17093137,CCOC(=O)C1=C(C)N=c2s/c(=C\c3ccc(OC)c(OCC)c3)c(=O)n2C1c1ccc(C)cc1,0.736
17008985,CCOC(=O)C1=C(C)N=c2s/c(=C/c3sccc3C)c(=O)n2C1c1ccc(OC)c(OC)c1,0.736
16983867,CCOC(=O)C1=C(C)N=c2s/c(=C\c3ccc(F)cc3)c(=O)n2C1c1cccc(OC)c1,0.736
124353564,CC(C)CNC(=O)c1c(N)n(-c2ccc(F)c(Cl)c2)c2nc3ccccc3nc12,0.7358490566037735
250162193,CCOc1cccc(C(=O)Nc2ccc(OC)cc2)c1,0.735632183908046
103023578,CC1CN(Cc2ccc(NC(=O)c3cccs3)cc2)CC(C)O1,0.735632183908046
24712030,Cc1cc(-c2ccc(CNCC3CCNCC3)o2)ccc1Br,0.735632183908046
17104879,CN(C1CCCCC1)S(=O)(=O)c1ccc(NC(=O)c2ccco2)cc1,0.735632183908046
17052999,CCOC(=O)c1ccc(NC(=O)c2cc(-c3ccccc3)nc3ccccc23)cc1,0.735632183908046
17131931,CCOC(=O)C1=C(C)N=c2s/c(=C\c3cc(C)n(CC4CCCO4)c3C)c(=O)n2C1c1cccc(OC)c1OC,0.7354838709677419
250162267,CN(C)C(=O)Cc1ccc(NC(=O)Nc2cccc(Cl)c2)cc1,0.7352941176470589
163424029,COc1ccc(OCC(O)CN2CCCC2)cc1,0.7352941176470589
125164729,CC(=O)Nc1ccc(NC(=O)c2ccc(Cl)cc2Cl)cc1,0.7352941176470589
124352524,O=C(Nc1ccc(C(=O)N2CCCC2)cc1)Nc1cccc(Cl)c1,0.7352941176470589
96022942,Cc1ccc(NC(=O)c2ccc(Cl)cc2Cl)cc1,0.7352941176470589
24429425,CNC(=O)Nc1nc2ccccc2s1,0.7352941176470589
17143922,O=C(Nc1cccc(C(F)(F)F)c1)c1cccc(C(F)(F)F)c1,0.7352941176470589
17128942,CCOC(=O)C1=C(C)N=c2s/c(=C\c3c(-c4ccccc4)[nH]c4ccccc34)c(=O)n2C1c1cc(OC)ccc1OC,0.7352941176470589
17121351,CCOC(=O)C1=C(C)N=c2s/c(=C\c3ccc(OCc4ccc(F)cc4)c(OCC)c3)c(=O)n2C1c1ccc(OC)cc1,0.7352941176470589
17082432,CCOC(=O)C1=C(C)N=c2s/c(=C\c3ccc(OC)c(COc4ccc(F)cc4F)c3)c(=O)n2C1c1ccc(OC)cc1,0.7352941176470589
17076524,Cc1ccc(NC(=O)Nc2cccc(Cl)c2)c(NC(=O)Nc2cccc(Cl)c2)c1,0.7352941176470589
17058173,Cc1cc(NC(=O)c2ccccc2F)no1,0.7352941176470589
17058159,O=C(Nc1ccc(F)cc1)c1ccc(Cl)cc1Cl,0.7352941176470589
17006066,C/C(Cl)=C/Cc1c(C)nc2ccc(C)cc2c1O,0.7352941176470589
17002282,Cc1ccc2nc(C)c(CC=C(Cl)Cl)c(Cl)c2c1,0.7352941176470589
17109891,CCOC(=O)C1=C(C)N=c2s/c(=C\c3ccc(SC)cc3)c(=O)n2C1c1ccc(SC)cc1,0.7350427350427351
17086571,CC1CCN(C(=O)c2cc3nc(-c4ccc(Cl)s4)cc(C(F)(F)F)n3n2)CC1,0.7350427350427351
164170535,COC(=O)c1ccc(N2CCN(Cc3ccccc3)CC2)c(NC(=O)c2cccs2)c1,0.7346938775510204
17147236,CCOC(=O)c1cnc2c(C)c(Cl)ccc2c1NCCN(C)C,0.7346938775510204
17126328,CCOC(=O)C1=C(C)N=c2s/c(=C\c3cc(Br)ccc3OC)c(=O)n2C1c1ccc(OC)c(OCC)c1,0.734375
17126302,CCOC(=O)C1=C(C)N=c2s/c(=C\c3cccc(O)c3)c(=O)n2C1c1ccc(OC)c(OCC)c1,0.734375
17126284,CCOC(=O)C1=C(C)N=c2s/c(=C/c3cc(OCC)c(OC)cc3Br)c(=O)n2C1c1ccccc1,0.734375
17110531,CCOC(=O)C1=C(C)N=c2s/c(=C\c3ccc(OCC)c(Cl)c3)c(=O)n2C1c1ccc(OC)c(OCC)c1,0.734375
17093108,CCOC(=O)C1=C(C)N=c2s/c(=C\c3ccc(O)c(OCC)c3)c(=O)n2C1c1ccccc1Cl,0.734375
17084842,CCOC(=O)C1=C(C)N=c2s/c(=C/c3c(C)nn(-c4ccccc4)c3C)c(=O)n2C1c1ccc(Cl)cc1,0.734375
16981494,CCOC(=O)C1=C(C)N=c2s/c(=C/c3ccccc3Cl)c(=O)n2C1c1ccc2c(c1)OCO2,0.734375
16980958,CCOC(=O)C1=C(C)N=c2s/c(=C/c3ccc(O)c(OCC)c3)c(=O)n2C1c1ccc(N(C)C)cc1,0.734375
164169648,O=C(Cc1ccccc1)Nc1ccc(NC(=O)c2cccs2)cc1,0.7341772151898734
125269794,COc1cc(C(=O)Nc2nc3ccccc3s2)cc(OC)c1Br,0.7341772151898734
24380020,c1ccc(Cc2nn3c(-c4cccs4)nnc3s2)cc1,0.7341772151898734
22397025,CC(C)CCOc1ccccc1C(=O)Nc1ccccc1,0.7341772151898734
17138212,COc1ccc(NC(=O)c2cc(Cl)ccc2OC)cc1,0.7341772151898734
